id,name,tags,rule
corpus-titled-chicken-casserole,Chicken Casserole,"dinner,lunch",default main → lunch + dinner
corpus-titled-broccoli-casserole,Broccoli Casserole,"dinner,lunch",default main → lunch + dinner
corpus-titled-banana-bread,Banana Bread,"dinner,lunch",default main → lunch + dinner
corpus-titled-cheese-ball,Cheese Ball,"dinner,lunch",default main → lunch + dinner
corpus-titled-squash-casserole,Squash Casserole,"dinner,lunch",default main → lunch + dinner
corpus-titled-zucchini-bread,Zucchini Bread,"dinner,lunch",default main → lunch + dinner
corpus-titled-chili,Chili,"dinner,lunch",default main → lunch + dinner
corpus-titled-meat-loaf,Meat Loaf,"dinner,lunch",default main → lunch + dinner
corpus-titled-baked-beans,Baked Beans,"dinner,lunch",default main → lunch + dinner
corpus-titled-fruit-salad,Fruit Salad,"dinner,lunch",default main → lunch + dinner
corpus-titled-pumpkin-bread,Pumpkin Bread,"dinner,lunch",default main → lunch + dinner
corpus-titled-carrot-cake,Carrot Cake,dessert,dessert
corpus-titled-corn-casserole,Corn Casserole,"dinner,lunch",default main → lunch + dinner
corpus-titled-cranberry-salad,Cranberry Salad,"dinner,lunch",default main → lunch + dinner
corpus-titled-potato-casserole,Potato Casserole,"dinner,lunch",default main → lunch + dinner
corpus-titled-chocolate-chip-cookies,Chocolate Chip Cookies,dessert,dessert
corpus-titled-broccoli-salad,Broccoli Salad,"dinner,lunch",default main → lunch + dinner
corpus-titled-brownies,Brownies,dessert,dessert
corpus-titled-banana-nut-bread,Banana Nut Bread,"dinner,lunch",default main → lunch + dinner
corpus-titled-sweet-potato-casserole,Sweet Potato Casserole,"dinner,lunch",default main → lunch + dinner
corpus-titled-taco-salad,Taco Salad,"dinner,lunch",default main → lunch + dinner
corpus-titled-apple-crisp,Apple Crisp,"dinner,lunch",default main → lunch + dinner
corpus-titled-sugar-cookies,Sugar Cookies,dessert,dessert
corpus-titled-peanut-brittle,Peanut Brittle,"dinner,lunch",default main → lunch + dinner
corpus-titled-peanut-butter-pie,Peanut Butter Pie,dessert,dessert
corpus-titled-peach-cobbler,Peach Cobbler,dessert,dessert
corpus-titled-peanut-butter-fudge,Peanut Butter Fudge,dessert,dessert
corpus-titled-beef-stroganoff,Beef Stroganoff,"dinner,lunch",default main → lunch + dinner
corpus-titled-sausage-balls,Sausage Balls,"dinner,lunch",default main → lunch + dinner
corpus-titled-corn-pudding,Corn Pudding,"dinner,lunch",default main → lunch + dinner
corpus-titled-breakfast-casserole,Breakfast Casserole,breakfast,breakfast
corpus-titled-strawberry-pie,Strawberry Pie,dessert,dessert
corpus-titled-barbecue-sauce,Barbecue Sauce,"dinner,lunch",default main → lunch + dinner
corpus-titled-green-bean-casserole,Green Bean Casserole,"dinner,lunch",default main → lunch + dinner
corpus-titled-potato-soup,Potato Soup,"dinner,lunch",default main → lunch + dinner
corpus-titled-dump-cake,Dump Cake,dessert,dessert
corpus-titled-spinach-dip,Spinach Dip,"dinner,lunch",default main → lunch + dinner
corpus-titled-fresh-apple-cake,Fresh Apple Cake,dessert,dessert
corpus-titled-banana-pudding,Banana Pudding,dessert,dessert
corpus-titled-monkey-bread,Monkey Bread,"dinner,lunch",default main → lunch + dinner
corpus-titled-potato-salad,Potato Salad,"dinner,lunch",default main → lunch + dinner
corpus-titled-chocolate-pie,Chocolate Pie,dessert,dessert
corpus-titled-oatmeal-cookies,Oatmeal Cookies,dessert,dessert
corpus-titled-macaroni-and-cheese,Macaroni And Cheese,"dinner,lunch",default main → lunch + dinner
corpus-titled-fudge,Fudge,dessert,dessert
corpus-titled-shrimp-dip,Shrimp Dip,"dinner,lunch",default main → lunch + dinner
corpus-titled-punch,Punch,"dinner,lunch",default main → lunch + dinner
corpus-titled-spaghetti-sauce,Spaghetti Sauce,"dinner,lunch",default main → lunch + dinner
corpus-titled-chicken-salad,Chicken Salad,"dinner,lunch",default main → lunch + dinner
corpus-titled-taco-dip,Taco Dip,"dinner,lunch",default main → lunch + dinner
corpus-titled-chocolate-cake,Chocolate Cake,dessert,dessert
corpus-titled-scalloped-potatoes,Scalloped Potatoes,"dinner,lunch",default main → lunch + dinner
corpus-titled-banana-split-cake,Banana Split Cake,dessert,dessert
corpus-titled-fruit-dip,Fruit Dip,"dinner,lunch",default main → lunch + dinner
corpus-titled-pasta-salad,Pasta Salad,"dinner,lunch",default main → lunch + dinner
corpus-titled-zucchini-casserole,Zucchini Casserole,"dinner,lunch",default main → lunch + dinner
corpus-titled-chicken-enchiladas,Chicken Enchiladas,"dinner,lunch",default main → lunch + dinner
corpus-titled-vegetable-casserole,Vegetable Casserole,"dinner,lunch",default main → lunch + dinner
corpus-titled-sweet-potato-pie,Sweet Potato Pie,dessert,dessert
corpus-titled-rice-pudding,Rice Pudding,dessert,dessert
corpus-titled-caramel-corn,Caramel Corn,"dinner,lunch",default main → lunch + dinner
corpus-titled-macaroni-salad,Macaroni Salad,"dinner,lunch",default main → lunch + dinner
corpus-titled-hot-chicken-salad,Hot Chicken Salad,"dinner,lunch",default main → lunch + dinner
corpus-titled-coconut-pie,Coconut Pie,dessert,dessert
corpus-titled-hamburger-casserole,Hamburger Casserole,"dinner,lunch",default main → lunch + dinner
corpus-titled-mexican-cornbread,Mexican Cornbread,"dinner,lunch",default main → lunch + dinner
corpus-titled-mexican-casserole,Mexican Casserole,"dinner,lunch",default main → lunch + dinner
corpus-titled-sloppy-joes,Sloppy Joes,"dinner,lunch",default main → lunch + dinner
corpus-titled-stuffed-mushrooms,Stuffed Mushrooms,"dinner,lunch",default main → lunch + dinner
corpus-titled-hush-puppies,Hush Puppies,"dinner,lunch",default main → lunch + dinner
corpus-titled-cheese-cake,Cheese Cake,dessert,dessert
corpus-titled-chicken-divan,Chicken Divan,"dinner,lunch",default main → lunch + dinner
corpus-titled-chicken-and-rice,Chicken And Rice,"dinner,lunch",default main → lunch + dinner
corpus-titled-blueberry-muffins,Blueberry Muffins,"dinner,lunch",default main → lunch + dinner
corpus-titled-taco-soup,Taco Soup,"dinner,lunch",default main → lunch + dinner
corpus-titled-chicken-spaghetti,Chicken Spaghetti,"dinner,lunch",default main → lunch + dinner
corpus-titled-watergate-salad,Watergate Salad,"dinner,lunch",default main → lunch + dinner
corpus-titled-tuna-casserole,Tuna Casserole,"dinner,lunch",default main → lunch + dinner
corpus-titled-fruit-pizza,Fruit Pizza,"dinner,lunch",default main → lunch + dinner
corpus-titled-applesauce-cake,Applesauce Cake,dessert,dessert
corpus-titled-spanish-rice,Spanish Rice,"dinner,lunch",default main → lunch + dinner
corpus-titled-hash-brown-casserole,Hash Brown Casserole,breakfast,breakfast
corpus-titled-vegetable-dip,Vegetable Dip,"dinner,lunch",default main → lunch + dinner
corpus-titled-no-bake-cookies,No Bake Cookies,dessert,dessert
corpus-titled-dirt-cake,Dirt Cake,dessert,dessert
corpus-titled-peanut-butter-balls,Peanut Butter Balls,"dinner,lunch",default main → lunch + dinner
corpus-titled-salsa,Salsa,"dinner,lunch",default main → lunch + dinner
corpus-titled-tater-tot-casserole,Tater Tot Casserole,"dinner,lunch",default main → lunch + dinner
corpus-titled-chicken-pie,Chicken Pie,dessert,dessert
corpus-titled-chicken-and-dumplings,Chicken And Dumplings,"dinner,lunch",default main → lunch + dinner
corpus-titled-vegetable-soup,Vegetable Soup,"dinner,lunch",default main → lunch + dinner
corpus-titled-buttermilk-pie,Buttermilk Pie,dessert,dessert
corpus-titled-vegetable-pizza,Vegetable Pizza,"dinner,lunch",default main → lunch + dinner
corpus-titled-coconut-cake,Coconut Cake,dessert,dessert
corpus-titled-french-onion-soup,French Onion Soup,"dinner,lunch",default main → lunch + dinner
corpus-titled-pizza-casserole,Pizza Casserole,"dinner,lunch",default main → lunch + dinner
corpus-titled-angel-biscuits,Angel Biscuits,"dinner,lunch",default main → lunch + dinner
corpus-titled-snickerdoodles,Snickerdoodles,"dinner,lunch",default main → lunch + dinner
corpus-titled-corn-bread,Corn Bread,"dinner,lunch",default main → lunch + dinner
corpus-titled-cabbage-casserole,Cabbage Casserole,"dinner,lunch",default main → lunch + dinner
corpus-titled-guacamole,Guacamole,"dinner,lunch",default main → lunch + dinner
corpus-titled-lasagne,Lasagne,"dinner,lunch",default main → lunch + dinner
corpus-titled-ice-cream,Ice Cream,dessert,dessert
corpus-titled-punch-bowl-cake,Punch Bowl Cake,dessert,dessert
corpus-titled-chicken-tetrazzini,Chicken Tetrazzini,"dinner,lunch",default main → lunch + dinner
corpus-titled-pretzel-salad,Pretzel Salad,snack,strict snack
corpus-titled-spaghetti-salad,Spaghetti Salad,"dinner,lunch",default main → lunch + dinner
corpus-titled-strawberry-salad,Strawberry Salad,"dinner,lunch",default main → lunch + dinner
corpus-titled-strawberry-cake,Strawberry Cake,dessert,dessert
corpus-titled-artichoke-dip,Artichoke Dip,"dinner,lunch",default main → lunch + dinner
corpus-titled-bread-and-butter-pickles,Bread And Butter Pickles,"dinner,lunch",default main → lunch + dinner
corpus-titled-rolls,Rolls,"dinner,lunch",default main → lunch + dinner
corpus-titled-pepper-steak,Pepper Steak,"dinner,lunch",default main → lunch + dinner
corpus-titled-bran-muffins,Bran Muffins,"dinner,lunch",default main → lunch + dinner
corpus-titled-chicken-and-rice-casserole,Chicken And Rice Casserole,"dinner,lunch",default main → lunch + dinner
corpus-titled-broccoli-cornbread,Broccoli Cornbread,"dinner,lunch",default main → lunch + dinner
corpus-titled-cream-cheese-pound-cake,Cream Cheese Pound Cake,dessert,dessert
corpus-titled-pork-chop-casserole,Pork Chop Casserole,"dinner,lunch",default main → lunch + dinner
corpus-titled-lemon-pie,Lemon Pie,dessert,dessert
corpus-titled-chicken-cacciatore,Chicken Cacciatore,"dinner,lunch",default main → lunch + dinner
corpus-titled-crab-dip,Crab Dip,"dinner,lunch",default main → lunch + dinner
corpus-titled-deviled-eggs,Deviled Eggs,"dinner,lunch",default main → lunch + dinner
corpus-titled-mexican-corn-bread,Mexican Corn Bread,"dinner,lunch",default main → lunch + dinner
corpus-titled-stuffed-peppers,Stuffed Peppers,"dinner,lunch",default main → lunch + dinner
corpus-titled-swiss-steak,Swiss Steak,"dinner,lunch",default main → lunch + dinner
corpus-titled-mexican-chicken,Mexican Chicken,"dinner,lunch",default main → lunch + dinner
corpus-titled-asparagus-casserole,Asparagus Casserole,"dinner,lunch",default main → lunch + dinner
corpus-titled-cinnamon-rolls,Cinnamon Rolls,"dinner,lunch",default main → lunch + dinner
corpus-titled-cornbread,Cornbread,"dinner,lunch",default main → lunch + dinner
corpus-titled-german-potato-salad,German Potato Salad,"dinner,lunch",default main → lunch + dinner
corpus-titled-oatmeal-cake,Oatmeal Cake,dessert,dessert
corpus-titled-meatballs,Meatballs,"dinner,lunch",default main → lunch + dinner
corpus-titled-taco-casserole,Taco Casserole,"dinner,lunch",default main → lunch + dinner
corpus-titled-mexican-dip,Mexican Dip,"dinner,lunch",default main → lunch + dinner
corpus-titled-chocolate-pound-cake,Chocolate Pound Cake,dessert,dessert
corpus-titled-biscuits,Biscuits,"dinner,lunch",default main → lunch + dinner
corpus-titled-sauerkraut-salad,Sauerkraut Salad,"dinner,lunch",default main → lunch + dinner
corpus-titled-turtle-cake,Turtle Cake,dessert,dessert
corpus-titled-shrimp-creole,Shrimp Creole,"dinner,lunch",default main → lunch + dinner
corpus-titled-sausage-casserole,Sausage Casserole,"dinner,lunch",default main → lunch + dinner
corpus-titled-enchilada-casserole,Enchilada Casserole,"dinner,lunch",default main → lunch + dinner
corpus-titled-spinach-balls,Spinach Balls,"dinner,lunch",default main → lunch + dinner
corpus-titled-fried-rice,Fried Rice,"dinner,lunch",default main → lunch + dinner
corpus-titled-chess-pie,Chess Pie,dessert,dessert
corpus-titled-fruit-cocktail-cake,Fruit Cocktail Cake,dessert,dessert
corpus-titled-spinach-salad,Spinach Salad,"dinner,lunch",default main → lunch + dinner
corpus-titled-strawberry-bread,Strawberry Bread,"dinner,lunch",default main → lunch + dinner
corpus-titled-earthquake-cake,Earthquake Cake,dessert,dessert
corpus-titled-pineapple-casserole,Pineapple Casserole,"dinner,lunch",default main → lunch + dinner
corpus-titled-corn-chowder,Corn Chowder,"dinner,lunch",default main → lunch + dinner
corpus-titled-spinach-casserole,Spinach Casserole,"dinner,lunch",default main → lunch + dinner
corpus-titled-banana-cake,Banana Cake,dessert,dessert
corpus-titled-breakfast-pizza,Breakfast Pizza,breakfast,breakfast
corpus-titled-pumpkin-cake,Pumpkin Cake,dessert,dessert
corpus-titled-frozen-fruit-salad,Frozen Fruit Salad,"dinner,lunch",default main → lunch + dinner
corpus-titled-scalloped-corn,Scalloped Corn,"dinner,lunch",default main → lunch + dinner
corpus-titled-marinated-carrots,Marinated Carrots,"dinner,lunch",default main → lunch + dinner
corpus-titled-meatloaf,Meatloaf,"dinner,lunch",default main → lunch + dinner
corpus-titled-russian-tea,Russian Tea,"dinner,lunch",default main → lunch + dinner
corpus-titled-yeast-rolls,Yeast Rolls,"dinner,lunch",default main → lunch + dinner
corpus-titled-chocolate-fudge,Chocolate Fudge,dessert,dessert
corpus-titled-cole-slaw,Cole Slaw,"dinner,lunch",default main → lunch + dinner
corpus-titled-cucumber-salad,Cucumber Salad,"dinner,lunch",default main → lunch + dinner
corpus-titled-chicken,Chicken,"dinner,lunch",default main → lunch + dinner
corpus-titled-party-punch,Party Punch,"dinner,lunch",default main → lunch + dinner
corpus-titled-pineapple-cake,Pineapple Cake,dessert,dessert
corpus-titled-dinner-tonight,Dinner Tonight,"dinner,lunch",default main → lunch + dinner
corpus-titled-dill-dip,Dill Dip,"dinner,lunch",default main → lunch + dinner
corpus-titled-quiche,Quiche,"dinner,lunch",default main → lunch + dinner
corpus-titled-corn-fritters,Corn Fritters,"dinner,lunch",default main → lunch + dinner
corpus-titled-jello-salad,Jello Salad,"dinner,lunch",default main → lunch + dinner
corpus-titled-lemon-bars,Lemon Bars,"dinner,lunch",default main → lunch + dinner
corpus-titled-apple-butter,Apple Butter,"dinner,lunch",default main → lunch + dinner
corpus-titled-seven-layer-salad,Seven Layer Salad,"dinner,lunch",default main → lunch + dinner
corpus-titled-eggplant-casserole,Eggplant Casserole,"dinner,lunch",default main → lunch + dinner
corpus-titled-salmon-loaf,Salmon Loaf,"dinner,lunch",default main → lunch + dinner
corpus-titled-pot-roast,Pot Roast,"dinner,lunch",default main → lunch + dinner
corpus-titled-cream-of-broccoli-soup,Cream Of Broccoli Soup,"dinner,lunch",default main → lunch + dinner
corpus-titled-sweet-and-sour-chicken,Sweet And Sour Chicken,"dinner,lunch",default main → lunch + dinner
corpus-titled-granola,Granola,breakfast,breakfast
corpus-titled-layered-salad,Layered Salad,"dinner,lunch",default main → lunch + dinner
corpus-titled-rice-casserole,Rice Casserole,"dinner,lunch",default main → lunch + dinner
corpus-titled-puppy-chow,Puppy Chow,"dinner,lunch",default main → lunch + dinner
corpus-titled-jambalaya,Jambalaya,"dinner,lunch",default main → lunch + dinner
corpus-titled-broccoli-soup,Broccoli Soup,"dinner,lunch",default main → lunch + dinner
corpus-titled-hot-chocolate-mix,Hot Chocolate Mix,snack,drink → snack
corpus-titled-calico-beans,Calico Beans,"dinner,lunch",default main → lunch + dinner
corpus-titled-cauliflower-salad,Cauliflower Salad,"dinner,lunch",default main → lunch + dinner
corpus-titled-gingerbread,Gingerbread,"dinner,lunch",default main → lunch + dinner
corpus-titled-fruit-cake,Fruit Cake,dessert,dessert
corpus-titled-irish-soda-bread,Irish Soda Bread,"dinner,lunch",default main → lunch + dinner
corpus-titled-play-dough,Play Dough,"dinner,lunch",default main → lunch + dinner
corpus-titled-clam-chowder,Clam Chowder,"dinner,lunch",default main → lunch + dinner
corpus-titled-red-beans-and-rice,Red Beans And Rice,"dinner,lunch",default main → lunch + dinner
corpus-titled-fresh-strawberry-pie,Fresh Strawberry Pie,dessert,dessert
corpus-titled-pizza,Pizza,"dinner,lunch",default main → lunch + dinner
corpus-titled-enchiladas,Enchiladas,"dinner,lunch",default main → lunch + dinner
corpus-titled-lemon-squares,Lemon Squares,"dinner,lunch",default main → lunch + dinner
corpus-titled-broccoli-and-rice-casserole,Broccoli And Rice Casserole,"dinner,lunch",default main → lunch + dinner
corpus-titled-coconut-cream-pie,Coconut Cream Pie,dessert,dessert
corpus-titled-spaghetti-pie,Spaghetti Pie,dessert,dessert
corpus-titled-french-dressing,French Dressing,"dinner,lunch",default main → lunch + dinner
corpus-titled-hummingbird-cake,Hummingbird Cake,dessert,dessert
corpus-titled-pizza-dough,Pizza Dough,"dinner,lunch",default main → lunch + dinner
corpus-titled-orange-salad,Orange Salad,"dinner,lunch",default main → lunch + dinner
corpus-titled-mississippi-mud-cake,Mississippi Mud Cake,dessert,dessert
corpus-titled-crab-cakes,Crab Cakes,dessert,dessert
corpus-titled-hot-fudge-sauce,Hot Fudge Sauce,dessert,dessert
corpus-titled-blueberry-salad,Blueberry Salad,"dinner,lunch",default main → lunch + dinner
corpus-titled-potato-chip-cookies,Potato Chip Cookies,dessert,dessert
corpus-titled-pistachio-salad,Pistachio Salad,"dinner,lunch",default main → lunch + dinner
corpus-titled-tea-cakes,Tea Cakes,dessert,dessert
corpus-titled-baked-corn,Baked Corn,"dinner,lunch",default main → lunch + dinner
corpus-titled-fried-green-tomatoes,Fried Green Tomatoes,"dinner,lunch",default main → lunch + dinner
corpus-titled-brunswick-stew,Brunswick Stew,"dinner,lunch",default main → lunch + dinner
corpus-titled-chicken-noodle-soup,Chicken Noodle Soup,"dinner,lunch",default main → lunch + dinner
corpus-titled-vegetable-salad,Vegetable Salad,"dinner,lunch",default main → lunch + dinner
corpus-titled-divinity,Divinity,"dinner,lunch",default main → lunch + dinner
corpus-titled-cabbage-rolls,Cabbage Rolls,"dinner,lunch",default main → lunch + dinner
corpus-titled-pineapple-upside-down-cake,Pineapple Upside-Down Cake,dessert,dessert
corpus-titled-italian-cream-cake,Italian Cream Cake,dessert,dessert
corpus-titled-pea-salad,Pea Salad,"dinner,lunch",default main → lunch + dinner
corpus-titled-cheese-dip,Cheese Dip,"dinner,lunch",default main → lunch + dinner
corpus-titled-sweet-and-sour-meatballs,Sweet And Sour Meatballs,"dinner,lunch",default main → lunch + dinner
corpus-titled-vanilla-ice-cream,Vanilla Ice Cream,dessert,dessert
corpus-titled-poppy-seed-cake,Poppy Seed Cake,dessert,dessert
corpus-titled-popcorn-balls,Popcorn Balls,snack,strict snack
corpus-titled-cheese-straws,Cheese Straws,"dinner,lunch",default main → lunch + dinner
corpus-titled-pumpkin-cookies,Pumpkin Cookies,dessert,dessert
corpus-titled-veg-all-casserole,Veg-All Casserole,"dinner,lunch",default main → lunch + dinner
corpus-titled-refrigerator-rolls,Refrigerator Rolls,"dinner,lunch",default main → lunch + dinner
corpus-titled-baked-chicken,Baked Chicken,"dinner,lunch",default main → lunch + dinner
corpus-titled-cherry-salad,Cherry Salad,"dinner,lunch",default main → lunch + dinner
corpus-titled-cherry-delight,Cherry Delight,"dinner,lunch",default main → lunch + dinner
corpus-titled-orange-julius,Orange Julius,"dinner,lunch",default main → lunch + dinner
corpus-titled-spiced-tea,Spiced Tea,"dinner,lunch",default main → lunch + dinner
corpus-titled-refrigerator-pickles,Refrigerator Pickles,"dinner,lunch",default main → lunch + dinner
corpus-titled-molasses-cookies,Molasses Cookies,dessert,dessert
corpus-titled-bean-salad,Bean Salad,"dinner,lunch",default main → lunch + dinner
corpus-titled-lemon-meringue-pie,Lemon Meringue Pie,dessert,dessert
corpus-titled-million-dollar-pie,Million Dollar Pie,dessert,dessert
corpus-titled-impossible-pie,Impossible Pie,dessert,dessert
corpus-titled-poppy-seed-bread,Poppy Seed Bread,"dinner,lunch",default main → lunch + dinner
corpus-titled-chocolate-delight,Chocolate Delight,"dinner,lunch",default main → lunch + dinner
corpus-titled-sweet-potato-souffle,Sweet Potato Souffle,"dinner,lunch",default main → lunch + dinner
corpus-titled-hot-crab-dip,Hot Crab Dip,"dinner,lunch",default main → lunch + dinner
corpus-titled-cream-cheese-frosting,Cream Cheese Frosting,"dinner,lunch",default main → lunch + dinner
corpus-titled-tamale-pie,Tamale Pie,dessert,dessert
corpus-titled-hamburger-pie,Hamburger Pie,dessert,dessert
corpus-titled-taco-pie,Taco Pie,dessert,dessert
corpus-titled-waldorf-salad,Waldorf Salad,"dinner,lunch",default main → lunch + dinner
corpus-titled-oven-fried-chicken,Oven Fried Chicken,"dinner,lunch",default main → lunch + dinner
corpus-titled-squash-dressing,Squash Dressing,"dinner,lunch",default main → lunch + dinner
corpus-titled-pumpkin-roll,Pumpkin Roll,"dinner,lunch",default main → lunch + dinner
corpus-titled-hummus,Hummus,"dinner,lunch",default main → lunch + dinner
corpus-titled-copper-pennies,Copper Pennies,"dinner,lunch",default main → lunch + dinner
corpus-titled-tuna-noodle-casserole,Tuna Noodle Casserole,"dinner,lunch",default main → lunch + dinner
corpus-titled-salad-dressing,Salad Dressing,"dinner,lunch",default main → lunch + dinner
corpus-titled-cheesy-potatoes,Cheesy Potatoes,"dinner,lunch",default main → lunch + dinner
corpus-titled-chocolate-eclair-cake,Chocolate Eclair Cake,dessert,dessert
corpus-titled-poppy-seed-chicken,Poppy Seed Chicken,"dinner,lunch",default main → lunch + dinner
corpus-titled-chocolate-chip-cake,Chocolate Chip Cake,dessert,dessert
corpus-titled-monster-cookies,Monster Cookies,dessert,dessert
corpus-titled-buttermilk-biscuits,Buttermilk Biscuits,"dinner,lunch",default main → lunch + dinner
corpus-titled-cornbread-salad,Cornbread Salad,"dinner,lunch",default main → lunch + dinner
corpus-titled-salisbury-steak,Salisbury Steak,"dinner,lunch",default main → lunch + dinner
corpus-titled-fudge-pie,Fudge Pie,dessert,dessert
corpus-titled-chocolate-mousse,Chocolate Mousse,dessert,dessert
corpus-titled-mexican-lasagna,Mexican Lasagna,"dinner,lunch",default main → lunch + dinner
corpus-titled-hamburger-soup,Hamburger Soup,"dinner,lunch",default main → lunch + dinner
corpus-titled-chocolate-sheet-cake,Chocolate Sheet Cake,dessert,dessert
corpus-titled-carrot-salad,Carrot Salad,"dinner,lunch",default main → lunch + dinner
corpus-titled-salmon-patties,Salmon Patties,"dinner,lunch",default main → lunch + dinner
corpus-titled-corn-salad,Corn Salad,"dinner,lunch",default main → lunch + dinner
corpus-titled-tortilla-soup,Tortilla Soup,"dinner,lunch",default main → lunch + dinner
corpus-titled-lentil-soup,Lentil Soup,"dinner,lunch",default main → lunch + dinner
corpus-titled-broccoli-cheese-soup,Broccoli Cheese Soup,"dinner,lunch",default main → lunch + dinner
corpus-titled-buckeyes,Buckeyes,"dinner,lunch",default main → lunch + dinner
corpus-titled-chocolate-oatmeal-cookies,Chocolate Oatmeal Cookies,dessert,dessert
corpus-titled-cranberry-relish,Cranberry Relish,"dinner,lunch",default main → lunch + dinner
corpus-titled-prune-cake,Prune Cake,dessert,dessert
corpus-titled-chicken-broccoli-casserole,Chicken Broccoli Casserole,"dinner,lunch",default main → lunch + dinner
corpus-titled-hash-brown-potato-casserole,Hash Brown Potato Casserole,breakfast,breakfast
corpus-titled-cobbler,Cobbler,dessert,dessert
corpus-titled-ham-loaf,Ham Loaf,"dinner,lunch",default main → lunch + dinner
corpus-titled-black-bean-soup,Black Bean Soup,"dinner,lunch",default main → lunch + dinner
corpus-titled-dill-pickles,Dill Pickles,"dinner,lunch",default main → lunch + dinner
corpus-titled-gingersnaps,Gingersnaps,"dinner,lunch",default main → lunch + dinner
corpus-titled-beer-bread,Beer Bread,"dinner,lunch",default main → lunch + dinner
corpus-titled-texas-sheet-cake,Texas Sheet Cake,dessert,dessert
corpus-titled-cream-puffs,Cream Puffs,"dinner,lunch",default main → lunch + dinner
corpus-titled-harvard-beets,Harvard Beets,"dinner,lunch",default main → lunch + dinner
corpus-titled-stuffed-green-peppers,Stuffed Green Peppers,"dinner,lunch",default main → lunch + dinner
corpus-titled-death-by-chocolate,Death By Chocolate,"dinner,lunch",default main → lunch + dinner
corpus-titled-pickled-beets,Pickled Beets,"dinner,lunch",default main → lunch + dinner
corpus-titled-wassail,Wassail,"dinner,lunch",default main → lunch + dinner
corpus-titled-japanese-fruit-pie,Japanese Fruit Pie,dessert,dessert
corpus-titled-broccoli-rice-casserole,Broccoli Rice Casserole,"dinner,lunch",default main → lunch + dinner
corpus-titled-strawberry-delight,Strawberry Delight,"dinner,lunch",default main → lunch + dinner
corpus-titled-peach-pie,Peach Pie,dessert,dessert
corpus-titled-cheese-soup,Cheese Soup,"dinner,lunch",default main → lunch + dinner
corpus-titled-cheese-balls,Cheese Balls,"dinner,lunch",default main → lunch + dinner
corpus-titled-parmesan-chicken,Parmesan Chicken,"dinner,lunch",default main → lunch + dinner
corpus-titled-cheese-biscuits,Cheese Biscuits,"dinner,lunch",default main → lunch + dinner
corpus-titled-chicken-curry,Chicken Curry,"dinner,lunch",default main → lunch + dinner
corpus-titled-sour-cream-coffee-cake,Sour Cream Coffee Cake,dessert,dessert
corpus-titled-chicken-soup,Chicken Soup,"dinner,lunch",default main → lunch + dinner
corpus-titled-wacky-cake,Wacky Cake,dessert,dessert
corpus-titled-coconut-pound-cake,Coconut Pound Cake,dessert,dessert
corpus-titled-pralines,Pralines,"dinner,lunch",default main → lunch + dinner
corpus-titled-chicken-tortilla-soup,Chicken Tortilla Soup,"dinner,lunch",default main → lunch + dinner
corpus-titled-shrimp-salad,Shrimp Salad,"dinner,lunch",default main → lunch + dinner
corpus-titled-minestrone-soup,Minestrone Soup,"dinner,lunch",default main → lunch + dinner
corpus-titled-mandarin-orange-cake,Mandarin Orange Cake,dessert,dessert
corpus-titled-candied-sweet-potatoes,Candied Sweet Potatoes,"dinner,lunch",default main → lunch + dinner
corpus-titled-tartar-sauce,Tartar Sauce,"dinner,lunch",default main → lunch + dinner
corpus-titled-zucchini-pie,Zucchini Pie,dessert,dessert
corpus-titled-egg-custard,Egg Custard,dessert,dessert
corpus-titled-baked-pineapple,Baked Pineapple,"dinner,lunch",default main → lunch + dinner
corpus-titled-baked-macaroni-and-cheese,Baked Macaroni And Cheese,"dinner,lunch",default main → lunch + dinner
corpus-titled-lemon-chicken,Lemon Chicken,"dinner,lunch",default main → lunch + dinner
corpus-titled-hamburger-stroganoff,Hamburger Stroganoff,"dinner,lunch",default main → lunch + dinner
corpus-titled-peanut-butter-bars,Peanut Butter Bars,"dinner,lunch",default main → lunch + dinner
corpus-titled-pumpkin-bars,Pumpkin Bars,"dinner,lunch",default main → lunch + dinner
corpus-titled-lemonade-pie,Lemonade Pie,dessert,dessert
corpus-titled-chicken-supreme,Chicken Supreme,"dinner,lunch",default main → lunch + dinner
corpus-titled-never-fail-pie-crust,Never Fail Pie Crust,dessert,dessert
corpus-titled-chocolate-chess-pie,Chocolate Chess Pie,dessert,dessert
corpus-titled-blueberry-pie,Blueberry Pie,dessert,dessert
corpus-titled-twice-baked-potatoes,Twice Baked Potatoes,"dinner,lunch",default main → lunch + dinner
corpus-titled-chicken-and-broccoli-casserole,Chicken And Broccoli Casserole,"dinner,lunch",default main → lunch + dinner
corpus-titled-cornbread-dressing,Cornbread Dressing,"dinner,lunch",default main → lunch + dinner
corpus-titled-texas-hash,Texas Hash,"dinner,lunch",default main → lunch + dinner
corpus-titled-butter-cookies,Butter Cookies,dessert,dessert
corpus-titled-carrot-casserole,Carrot Casserole,"dinner,lunch",default main → lunch + dinner
corpus-titled-italian-chicken,Italian Chicken,"dinner,lunch",default main → lunch + dinner
corpus-titled-butterscotch-pie,Butterscotch Pie,dessert,dessert
corpus-titled-strawberry-shortcake,Strawberry Shortcake,"dinner,lunch",default main → lunch + dinner
corpus-titled-strawberry-pretzel-salad,Strawberry Pretzel Salad,snack,strict snack
corpus-titled-lemon-cake,Lemon Cake,dessert,dessert
corpus-titled-baked-spaghetti,Baked Spaghetti,"dinner,lunch",default main → lunch + dinner
corpus-titled-bean-dip,Bean Dip,"dinner,lunch",default main → lunch + dinner
corpus-titled-chocolate-zucchini-cake,Chocolate Zucchini Cake,dessert,dessert
corpus-titled-glazed-carrots,Glazed Carrots,"dinner,lunch",default main → lunch + dinner
corpus-titled-mexican-chicken-casserole,Mexican Chicken Casserole,"dinner,lunch",default main → lunch + dinner
corpus-titled-pineapple-cheese-ball,Pineapple Cheese Ball,"dinner,lunch",default main → lunch + dinner
corpus-titled-split-pea-soup,Split Pea Soup,"dinner,lunch",default main → lunch + dinner
corpus-titled-pork-chops,Pork Chops,"dinner,lunch",default main → lunch + dinner
corpus-titled-nacho-dip,Nacho Dip,"dinner,lunch",default main → lunch + dinner
corpus-titled-coleslaw,Coleslaw,"dinner,lunch",default main → lunch + dinner
corpus-titled-rhubarb-pie,Rhubarb Pie,dessert,dessert
corpus-titled-custard-pie,Custard Pie,dessert,dessert
corpus-titled-dumplings,Dumplings,"dinner,lunch",default main → lunch + dinner
corpus-titled-7-up-cake,7-Up Cake,dessert,dessert
corpus-titled-tomato-soup,Tomato Soup,"dinner,lunch",default main → lunch + dinner
corpus-titled-oatmeal-pie,Oatmeal Pie,dessert,dessert
corpus-titled-apricot-salad,Apricot Salad,"dinner,lunch",default main → lunch + dinner
corpus-titled-fried-chicken,Fried Chicken,"dinner,lunch",default main → lunch + dinner
corpus-titled-jam-cake,Jam Cake,dessert,dessert
corpus-titled-banana-muffins,Banana Muffins,"dinner,lunch",default main → lunch + dinner
corpus-titled-rhubarb-cake,Rhubarb Cake,dessert,dessert
corpus-titled-chicken-enchilada-casserole,Chicken Enchilada Casserole,"dinner,lunch",default main → lunch + dinner
corpus-titled-cheeseburger-pie,Cheeseburger Pie,dessert,dessert
corpus-titled-meat-balls,Meat Balls,"dinner,lunch",default main → lunch + dinner
corpus-titled-ground-beef-casserole,Ground Beef Casserole,"dinner,lunch",default main → lunch + dinner
corpus-titled-forgotten-cookies,Forgotten Cookies,dessert,dessert
corpus-titled-ambrosia,Ambrosia,"dinner,lunch",default main → lunch + dinner
corpus-titled-party-mix,Party Mix,"dinner,lunch",default main → lunch + dinner
corpus-titled-vanilla-wafer-cake,Vanilla Wafer Cake,dessert,dessert
corpus-titled-dirty-rice,Dirty Rice,"dinner,lunch",default main → lunch + dinner
corpus-titled-hot-rolls,Hot Rolls,"dinner,lunch",default main → lunch + dinner
corpus-titled-eggplant-parmesan,Eggplant Parmesan,"dinner,lunch",default main → lunch + dinner
corpus-titled-pumpkin-muffins,Pumpkin Muffins,"dinner,lunch",default main → lunch + dinner
corpus-titled-barbecue,Barbecue,"dinner,lunch",default main → lunch + dinner
corpus-titled-chocolate-frosting,Chocolate Frosting,"dinner,lunch",default main → lunch + dinner
corpus-titled-peanut-butter-candy,Peanut Butter Candy,dessert,dessert
corpus-titled-green-rice,Green Rice,"dinner,lunch",default main → lunch + dinner
corpus-titled-lemon-chess-pie,Lemon Chess Pie,dessert,dessert
corpus-titled-rice-pilaf,Rice Pilaf,"dinner,lunch",default main → lunch + dinner
corpus-titled-mexican-rice,Mexican Rice,"dinner,lunch",default main → lunch + dinner
corpus-titled-raw-apple-cake,Raw Apple Cake,dessert,dessert
corpus-titled-cowboy-cookies,Cowboy Cookies,dessert,dessert
corpus-titled-hot-artichoke-dip,Hot Artichoke Dip,"dinner,lunch",default main → lunch + dinner
corpus-titled-lime-jello-salad,Lime Jello Salad,"dinner,lunch",default main → lunch + dinner
corpus-titled-magic-cookie-bars,Magic Cookie Bars,dessert,dessert
corpus-titled-veggie-pizza,Veggie Pizza,"dinner,lunch",default main → lunch + dinner
corpus-titled-three-bean-salad,Three Bean Salad,"dinner,lunch",default main → lunch + dinner
corpus-titled-pineapple-pie,Pineapple Pie,dessert,dessert
corpus-titled-apple-salad,Apple Salad,"dinner,lunch",default main → lunch + dinner
corpus-titled-mandarin-orange-salad,Mandarin Orange Salad,"dinner,lunch",default main → lunch + dinner
corpus-titled-noodles,Noodles,"dinner,lunch",default main → lunch + dinner
corpus-titled-zucchini-relish,Zucchini Relish,"dinner,lunch",default main → lunch + dinner
corpus-titled-sticky-buns,Sticky Buns,"dinner,lunch",default main → lunch + dinner
corpus-titled-chess-cake,Chess Cake,dessert,dessert
corpus-titled-peanut-butter-cups,Peanut Butter Cups,"dinner,lunch",default main → lunch + dinner
corpus-titled-stromboli,Stromboli,"dinner,lunch",default main → lunch + dinner
corpus-titled-blonde-brownies,Blonde Brownies,dessert,dessert
corpus-titled-white-chili,White Chili,"dinner,lunch",default main → lunch + dinner
corpus-titled-poppy-seed-dressing,Poppy Seed Dressing,"dinner,lunch",default main → lunch + dinner
corpus-titled-chocolate-gravy,Chocolate Gravy,"dinner,lunch",default main → lunch + dinner
corpus-titled-spaghetti,Spaghetti,"dinner,lunch",default main → lunch + dinner
corpus-titled-chocolate-chip-pie,Chocolate Chip Pie,dessert,dessert
corpus-titled-chicken-marsala,Chicken Marsala,"dinner,lunch",default main → lunch + dinner
corpus-titled-german-chocolate-cake,German Chocolate Cake,dessert,dessert
corpus-titled-heavenly-hash,Heavenly Hash,"dinner,lunch",default main → lunch + dinner
corpus-titled-cranberry-sauce,Cranberry Sauce,"dinner,lunch",default main → lunch + dinner
corpus-titled-stuffed-shells,Stuffed Shells,"dinner,lunch",default main → lunch + dinner
corpus-titled-southern-pecan-pie,Southern Pecan Pie,dessert,dessert
corpus-titled-corn-relish,Corn Relish,"dinner,lunch",default main → lunch + dinner
corpus-titled-7-layer-salad,7 Layer Salad,"dinner,lunch",default main → lunch + dinner
corpus-titled-banana-split-pie,Banana Split Pie,dessert,dessert
corpus-titled-chicken-fajitas,Chicken Fajitas,"dinner,lunch",default main → lunch + dinner
corpus-titled-kahlua,Kahlua,"dinner,lunch",default main → lunch + dinner
corpus-titled-mexican-salad,Mexican Salad,"dinner,lunch",default main → lunch + dinner
corpus-titled-cabbage-soup,Cabbage Soup,"dinner,lunch",default main → lunch + dinner
corpus-titled-marinated-mushrooms,Marinated Mushrooms,"dinner,lunch",default main → lunch + dinner
corpus-titled-buttermilk-pancakes,Buttermilk Pancakes,breakfast,breakfast
corpus-titled-mixed-vegetable-casserole,Mixed Vegetable Casserole,"dinner,lunch",default main → lunch + dinner
corpus-titled-dressing,Dressing,"dinner,lunch",default main → lunch + dinner
corpus-titled-lemon-pound-cake,Lemon Pound Cake,dessert,dessert
corpus-titled-banana-cream-pie,Banana Cream Pie,dessert,dessert
corpus-titled-bean-soup,Bean Soup,"dinner,lunch",default main → lunch + dinner
corpus-titled-corned-beef-casserole,Corned Beef Casserole,"dinner,lunch",default main → lunch + dinner
corpus-titled-caramel-icing,Caramel Icing,"dinner,lunch",default main → lunch + dinner
corpus-titled-stuffed-bell-peppers,Stuffed Bell Peppers,"dinner,lunch",default main → lunch + dinner
corpus-titled-turkey-chili,Turkey Chili,"dinner,lunch",default main → lunch + dinner
corpus-titled-baked-apples,Baked Apples,"dinner,lunch",default main → lunch + dinner
corpus-titled-cheese-potatoes,Cheese Potatoes,"dinner,lunch",default main → lunch + dinner
corpus-titled-orange-slice-cake,Orange Slice Cake,dessert,dessert
corpus-titled-egg-custard-pie,Egg Custard Pie,dessert,dessert
corpus-titled-pineapple-salad,Pineapple Salad,"dinner,lunch",default main → lunch + dinner
corpus-titled-oatmeal-raisin-cookies,Oatmeal Raisin Cookies,dessert,dessert
corpus-titled-marinara-sauce,Marinara Sauce,"dinner,lunch",default main → lunch + dinner
corpus-titled-banana-split-dessert,Banana Split Dessert,dessert,dessert
corpus-titled-marinated-vegetables,Marinated Vegetables,"dinner,lunch",default main → lunch + dinner
corpus-titled-baked-potato-soup,Baked Potato Soup,"dinner,lunch",default main → lunch + dinner
corpus-titled-new-england-clam-chowder,New England Clam Chowder,"dinner,lunch",default main → lunch + dinner
corpus-titled-chili-sauce,Chili Sauce,"dinner,lunch",default main → lunch + dinner
corpus-titled-chocolate-pecan-pie,Chocolate Pecan Pie,dessert,dessert
corpus-titled-baked-ziti,Baked Ziti,"dinner,lunch",default main → lunch + dinner
corpus-titled-congealed-salad,Congealed Salad,"dinner,lunch",default main → lunch + dinner
corpus-titled-barbecue-chicken,Barbecue Chicken,"dinner,lunch",default main → lunch + dinner
corpus-titled-french-coconut-pie,French Coconut Pie,dessert,dessert
corpus-titled-haystacks,Haystacks,"dinner,lunch",default main → lunch + dinner
corpus-titled-tomato-sauce,Tomato Sauce,"dinner,lunch",default main → lunch + dinner
corpus-titled-vegetable-beef-soup,Vegetable Beef Soup,"dinner,lunch",default main → lunch + dinner
corpus-titled-coconut-macaroons,Coconut Macaroons,dessert,dessert
corpus-titled-german-chocolate-upside-down-cake,German Chocolate Upside-Down Cake,dessert,dessert
corpus-titled-cottage-cheese-salad,Cottage Cheese Salad,"dinner,lunch",default main → lunch + dinner
corpus-titled-spoon-bread,Spoon Bread,"dinner,lunch",default main → lunch + dinner
corpus-titled-spaghetti-casserole,Spaghetti Casserole,"dinner,lunch",default main → lunch + dinner
corpus-titled-chicken-wings,Chicken Wings,"dinner,lunch",default main → lunch + dinner
corpus-titled-cabbage-salad,Cabbage Salad,"dinner,lunch",default main → lunch + dinner
corpus-titled-mayonnaise-cake,Mayonnaise Cake,dessert,dessert
corpus-titled-popovers,Popovers,"dinner,lunch",default main → lunch + dinner
corpus-titled-banana-nut-cake,Banana Nut Cake,dessert,dessert
corpus-titled-salmon-croquettes,Salmon Croquettes,"dinner,lunch",default main → lunch + dinner
corpus-titled-better-than-sex-cake,Better Than Sex Cake,dessert,dessert
corpus-titled-lemon-lush,Lemon Lush,"dinner,lunch",default main → lunch + dinner
corpus-titled-zucchini-cake,Zucchini Cake,dessert,dessert
corpus-titled-strawberry-dessert,Strawberry Dessert,dessert,dessert
corpus-titled-porcupine-meatballs,Porcupine Meatballs,"dinner,lunch",default main → lunch + dinner
corpus-titled-cranberry-bread,Cranberry Bread,"dinner,lunch",default main → lunch + dinner
corpus-titled-manicotti,Manicotti,"dinner,lunch",default main → lunch + dinner
corpus-titled-cake-mix-cookies,Cake Mix Cookies,dessert,dessert
corpus-titled-kraut-salad,Kraut Salad,"dinner,lunch",default main → lunch + dinner
corpus-titled-beef-burgundy,Beef Burgundy,"dinner,lunch",default main → lunch + dinner
corpus-titled-pina-colada-cake,Pina Colada Cake,dessert,dessert
corpus-titled-baked-pork-chops,Baked Pork Chops,"dinner,lunch",default main → lunch + dinner
corpus-titled-clam-dip,Clam Dip,"dinner,lunch",default main → lunch + dinner
corpus-titled-vegetarian-chili,Vegetarian Chili,"dinner,lunch",default main → lunch + dinner
corpus-titled-buttermilk-pound-cake,Buttermilk Pound Cake,dessert,dessert
corpus-titled-sweet-potato-biscuits,Sweet Potato Biscuits,"dinner,lunch",default main → lunch + dinner
corpus-titled-nachos,Nachos,"dinner,lunch",default main → lunch + dinner
corpus-titled-chicken-rice-casserole,Chicken Rice Casserole,"dinner,lunch",default main → lunch + dinner
corpus-titled-millionaire-pie,Millionaire Pie,dessert,dessert
corpus-titled-peanut-clusters,Peanut Clusters,"dinner,lunch",default main → lunch + dinner
corpus-titled-white-bread,White Bread,"dinner,lunch",default main → lunch + dinner
corpus-titled-scripture-cake,Scripture Cake,dessert,dessert
corpus-titled-orange-jello-salad,Orange Jello Salad,"dinner,lunch",default main → lunch + dinner
corpus-titled-italian-beef,Italian Beef,"dinner,lunch",default main → lunch + dinner
corpus-titled-hawaiian-chicken,Hawaiian Chicken,"dinner,lunch",default main → lunch + dinner
corpus-titled-chili-dip,Chili Dip,"dinner,lunch",default main → lunch + dinner
corpus-titled-funnel-cakes,Funnel Cakes,dessert,dessert
corpus-titled-blackberry-cobbler,Blackberry Cobbler,dessert,dessert
corpus-titled-hungarian-goulash,Hungarian Goulash,"dinner,lunch",default main → lunch + dinner
corpus-titled-rum-cake,Rum Cake,dessert,dessert
corpus-titled-blue-cheese-dressing,Blue Cheese Dressing,"dinner,lunch",default main → lunch + dinner
corpus-titled-party-potatoes,Party Potatoes,"dinner,lunch",default main → lunch + dinner
corpus-titled-icebox-cookies,Icebox Cookies,dessert,dessert
corpus-titled-applesauce,Applesauce,"dinner,lunch",default main → lunch + dinner
corpus-titled-stuffed-cabbage,Stuffed Cabbage,"dinner,lunch",default main → lunch + dinner
corpus-titled-egg-rolls,Egg Rolls,"dinner,lunch",default main → lunch + dinner
corpus-titled-gooey-butter-cake,Gooey Butter Cake,dessert,dessert
corpus-titled-angel-food-cake,Angel Food Cake,dessert,dessert
corpus-titled-mayonnaise,Mayonnaise,"dinner,lunch",default main → lunch + dinner
corpus-titled-apple-dip,Apple Dip,"dinner,lunch",default main → lunch + dinner
corpus-titled-chocolate-cream-pie,Chocolate Cream Pie,dessert,dessert
corpus-titled-christmas-punch,Christmas Punch,"dinner,lunch",default main → lunch + dinner
corpus-titled-blueberry-cake,Blueberry Cake,dessert,dessert
corpus-titled-persimmon-pudding,Persimmon Pudding,dessert,dessert
corpus-titled-beef-casserole,Beef Casserole,"dinner,lunch",default main → lunch + dinner
corpus-titled-lemon-bread,Lemon Bread,"dinner,lunch",default main → lunch + dinner
corpus-titled-chocolate-sauce,Chocolate Sauce,"dinner,lunch",default main → lunch + dinner
corpus-titled-summer-squash-casserole,Summer Squash Casserole,"dinner,lunch",default main → lunch + dinner
corpus-titled-doughnuts,Doughnuts,dessert,dessert
corpus-titled-raisin-pie,Raisin Pie,dessert,dessert
corpus-titled-chicken-and-dressing-casserole,Chicken And Dressing Casserole,"dinner,lunch",default main → lunch + dinner
corpus-titled-broccoli-corn-bread,Broccoli Corn Bread,"dinner,lunch",default main → lunch + dinner
corpus-titled-pumpkin-pie-cake,Pumpkin Pie Cake,dessert,dessert
corpus-titled-chicken-piccata,Chicken Piccata,"dinner,lunch",default main → lunch + dinner
corpus-titled-toffee-bars,Toffee Bars,"dinner,lunch",default main → lunch + dinner
corpus-titled-pistachio-cake,Pistachio Cake,dessert,dessert
corpus-titled-reuben-casserole,Reuben Casserole,"dinner,lunch",default main → lunch + dinner
corpus-titled-cherry-dessert,Cherry Dessert,dessert,dessert
corpus-titled-pesto,Pesto,"dinner,lunch",default main → lunch + dinner
corpus-titled-king-ranch-chicken,King Ranch Chicken,"dinner,lunch",default main → lunch + dinner
corpus-titled-sweetened-condensed-milk,Sweetened Condensed Milk,"dinner,lunch",default main → lunch + dinner
corpus-titled-cheese-wafers,Cheese Wafers,"dinner,lunch",default main → lunch + dinner
corpus-titled-cheese-bread,Cheese Bread,"dinner,lunch",default main → lunch + dinner
corpus-titled-peanut-blossoms,Peanut Blossoms,"dinner,lunch",default main → lunch + dinner
corpus-titled-buttermilk-salad,Buttermilk Salad,"dinner,lunch",default main → lunch + dinner
corpus-titled-pizza-sauce,Pizza Sauce,"dinner,lunch",default main → lunch + dinner
corpus-titled-butterscotch-brownies,Butterscotch Brownies,dessert,dessert
corpus-titled-cocktail-meatballs,Cocktail Meatballs,"dinner,lunch",default main → lunch + dinner
corpus-titled-five-cup-salad,Five Cup Salad,"dinner,lunch",default main → lunch + dinner
corpus-titled-icebox-fruit-cake,Icebox Fruit Cake,dessert,dessert
corpus-titled-turkey-tetrazzini,Turkey Tetrazzini,"dinner,lunch",default main → lunch + dinner
corpus-titled-lemon-icebox-pie,Lemon Icebox Pie,dessert,dessert
corpus-titled-caramel-pie,Caramel Pie,dessert,dessert
corpus-titled-hominy-casserole,Hominy Casserole,"dinner,lunch",default main → lunch + dinner
corpus-titled-seafood-casserole,Seafood Casserole,"dinner,lunch",default main → lunch + dinner
corpus-titled-fruit-cake-cookies,Fruit Cake Cookies,dessert,dessert
corpus-titled-pico-de-gallo,Pico De Gallo,"dinner,lunch",default main → lunch + dinner
corpus-titled-christmas-cookies,Christmas Cookies,dessert,dessert
corpus-titled-broccoli-bread,Broccoli Bread,"dinner,lunch",default main → lunch + dinner
corpus-titled-pepper-relish,Pepper Relish,"dinner,lunch",default main → lunch + dinner
corpus-titled-potatoes,Potatoes,"dinner,lunch",default main → lunch + dinner
corpus-titled-orange-balls,Orange Balls,"dinner,lunch",default main → lunch + dinner
corpus-titled-chocolate-ice-cream,Chocolate Ice Cream,dessert,dessert
corpus-titled-tortilla-roll-ups,Tortilla Roll-Ups,"dinner,lunch",default main → lunch + dinner
corpus-titled-sweet-pickles,Sweet Pickles,"dinner,lunch",default main → lunch + dinner
corpus-titled-fettuccine-alfredo,Fettuccine Alfredo,"dinner,lunch",default main → lunch + dinner
corpus-titled-buffalo-chicken-dip,Buffalo Chicken Dip,"dinner,lunch",default main → lunch + dinner
corpus-titled-german-chocolate-pie,German Chocolate Pie,dessert,dessert
corpus-titled-stuffed-zucchini,Stuffed Zucchini,"dinner,lunch",default main → lunch + dinner
corpus-titled-spinach-quiche,Spinach Quiche,"dinner,lunch",default main → lunch + dinner
corpus-titled-chocolate-pudding,Chocolate Pudding,dessert,dessert
corpus-titled-broccoli-and-cauliflower-salad,Broccoli And Cauliflower Salad,"dinner,lunch",default main → lunch + dinner
corpus-titled-sausage-cheese-balls,Sausage Cheese Balls,"dinner,lunch",default main → lunch + dinner
corpus-titled-banana-punch,Banana Punch,"dinner,lunch",default main → lunch + dinner
corpus-titled-hot-cocoa-mix,Hot Cocoa Mix,snack,drink → snack
corpus-titled-stew,Stew,"dinner,lunch",default main → lunch + dinner
corpus-titled-pickled-eggs,Pickled Eggs,"dinner,lunch",default main → lunch + dinner
corpus-titled-cherry-cobbler,Cherry Cobbler,dessert,dessert
corpus-titled-guacamole-dip,Guacamole Dip,"dinner,lunch",default main → lunch + dinner
corpus-titled-cheese-sauce,Cheese Sauce,"dinner,lunch",default main → lunch + dinner
corpus-titled-thousand-island-dressing,Thousand Island Dressing,"dinner,lunch",default main → lunch + dinner
corpus-titled-strawberry-pizza,Strawberry Pizza,"dinner,lunch",default main → lunch + dinner
corpus-titled-oyster-stew,Oyster Stew,"dinner,lunch",default main → lunch + dinner
corpus-titled-apple-fritters,Apple Fritters,dessert,dessert
corpus-titled-chicken-and-dressing,Chicken And Dressing,"dinner,lunch",default main → lunch + dinner
corpus-titled-blueberry-cobbler,Blueberry Cobbler,dessert,dessert
corpus-titled-marinated-vegetable-salad,Marinated Vegetable Salad,"dinner,lunch",default main → lunch + dinner
corpus-titled-ginger-cookies,Ginger Cookies,dessert,dessert
corpus-titled-ice-cream-cake,Ice Cream Cake,dessert,dessert
corpus-titled-sweet-potato-pudding,Sweet Potato Pudding,dessert,dessert
corpus-titled-minestrone,Minestrone,"dinner,lunch",default main → lunch + dinner
corpus-titled-raisin-bran-muffins,Raisin Bran Muffins,"dinner,lunch",default main → lunch + dinner
corpus-titled-mashed-potato-casserole,Mashed Potato Casserole,"dinner,lunch",default main → lunch + dinner
corpus-titled-corn-dogs,Corn Dogs,"dinner,lunch",default main → lunch + dinner
corpus-titled-apple-cobbler,Apple Cobbler,dessert,dessert
corpus-titled-texas-caviar,Texas Caviar,"dinner,lunch",default main → lunch + dinner
corpus-titled-coca-cola-cake,Coca-Cola Cake,dessert,dessert
corpus-titled-cherry-crunch,Cherry Crunch,"dinner,lunch",default main → lunch + dinner
corpus-titled-date-nut-bread,Date Nut Bread,"dinner,lunch",default main → lunch + dinner
corpus-titled-hot-german-potato-salad,Hot German Potato Salad,"dinner,lunch",default main → lunch + dinner
corpus-titled-spiced-pecans,Spiced Pecans,"dinner,lunch",default main → lunch + dinner
corpus-titled-orange-cake,Orange Cake,dessert,dessert
corpus-titled-sand-tarts,Sand Tarts,dessert,dessert
corpus-titled-shrimp-mold,Shrimp Mold,"dinner,lunch",default main → lunch + dinner
corpus-titled-caramel-sauce,Caramel Sauce,"dinner,lunch",default main → lunch + dinner
corpus-titled-shrimp-casserole,Shrimp Casserole,"dinner,lunch",default main → lunch + dinner
corpus-titled-sweet-and-sour-sauce,Sweet And Sour Sauce,"dinner,lunch",default main → lunch + dinner
corpus-titled-dip,Dip,"dinner,lunch",default main → lunch + dinner
corpus-titled-date-balls,Date Balls,"dinner,lunch",default main → lunch + dinner
corpus-titled-chicken-a-la-king,Chicken A La King,"dinner,lunch",default main → lunch + dinner
corpus-titled-caramel-frosting,Caramel Frosting,"dinner,lunch",default main → lunch + dinner
corpus-titled-cheese-puffs,Cheese Puffs,"dinner,lunch",default main → lunch + dinner
corpus-titled-lemonade,Lemonade,"dinner,lunch",default main → lunch + dinner
corpus-titled-scones,Scones,"dinner,lunch",default main → lunch + dinner
corpus-titled-fantasy-fudge,Fantasy Fudge,dessert,dessert
corpus-titled-white-chicken-chili,White Chicken Chili,"dinner,lunch",default main → lunch + dinner
corpus-titled-24-hour-salad,24 Hour Salad,"dinner,lunch",default main → lunch + dinner
corpus-titled-crepes,Crepes,"dinner,lunch",default main → lunch + dinner
corpus-titled-eclair-cake,Eclair Cake,dessert,dessert
corpus-titled-chicken-stew,Chicken Stew,"dinner,lunch",default main → lunch + dinner
corpus-titled-shrimp-spread,Shrimp Spread,"dinner,lunch",default main → lunch + dinner
corpus-titled-chocolate-icing,Chocolate Icing,"dinner,lunch",default main → lunch + dinner
corpus-titled-popcorn-cake,Popcorn Cake,dessert,dessert
corpus-titled-oatmeal-muffins,Oatmeal Muffins,breakfast,breakfast
corpus-titled-chinese-chicken-salad,Chinese Chicken Salad,"dinner,lunch",default main → lunch + dinner
corpus-titled-sourdough-bread,Sourdough Bread,"dinner,lunch",default main → lunch + dinner
corpus-titled-seafood-gumbo,Seafood Gumbo,"dinner,lunch",default main → lunch + dinner
corpus-titled-barbecued-chicken,Barbecued Chicken,"dinner,lunch",default main → lunch + dinner
corpus-titled-hot-potato-salad,Hot Potato Salad,"dinner,lunch",default main → lunch + dinner
corpus-titled-spinach-lasagna,Spinach Lasagna,"dinner,lunch",default main → lunch + dinner
corpus-titled-english-toffee,English Toffee,"dinner,lunch",default main → lunch + dinner
corpus-titled-caramels,Caramels,"dinner,lunch",default main → lunch + dinner
corpus-titled-bean-casserole,Bean Casserole,"dinner,lunch",default main → lunch + dinner
corpus-titled-cherry-pie,Cherry Pie,dessert,dessert
corpus-titled-onion-soup,Onion Soup,"dinner,lunch",default main → lunch + dinner
corpus-titled-honey-bun-cake,Honey Bun Cake,dessert,dessert
corpus-titled-egg-casserole,Egg Casserole,"dinner,lunch",default main → lunch + dinner
corpus-titled-spoon-rolls,Spoon Rolls,"dinner,lunch",default main → lunch + dinner
corpus-titled-slaw,Slaw,"dinner,lunch",default main → lunch + dinner
corpus-titled-au-gratin-potatoes,Au Gratin Potatoes,"dinner,lunch",default main → lunch + dinner
corpus-titled-fudge-brownies,Fudge Brownies,dessert,dessert
corpus-titled-cream-cheese-cookies,Cream Cheese Cookies,dessert,dessert
corpus-titled-butternut-squash-soup,Butternut Squash Soup,"dinner,lunch",default main → lunch + dinner
corpus-titled-swedish-meat-balls,Swedish Meat Balls,"dinner,lunch",default main → lunch + dinner
corpus-titled-elephant-stew,Elephant Stew,"dinner,lunch",default main → lunch + dinner
corpus-titled-strawberry-jello-salad,Strawberry Jello Salad,"dinner,lunch",default main → lunch + dinner
corpus-titled-sausage-bread,Sausage Bread,"dinner,lunch",default main → lunch + dinner
corpus-titled-snowballs,Snowballs,"dinner,lunch",default main → lunch + dinner
corpus-titled-wild-rice-casserole,Wild Rice Casserole,"dinner,lunch",default main → lunch + dinner
corpus-titled-party-cheese-ball,Party Cheese Ball,"dinner,lunch",default main → lunch + dinner
corpus-titled-taffy-apple-salad,Taffy Apple Salad,"dinner,lunch",default main → lunch + dinner
corpus-titled-boiled-cookies,Boiled Cookies,dessert,dessert
corpus-titled-summer-salad,Summer Salad,"dinner,lunch",default main → lunch + dinner
corpus-titled-chocolate-cookies,Chocolate Cookies,dessert,dessert
corpus-titled-soft-pretzels,Soft Pretzels,snack,strict snack
corpus-titled-crab-salad,Crab Salad,"dinner,lunch",default main → lunch + dinner
corpus-titled-pizza-burgers,Pizza Burgers,"dinner,lunch",default main → lunch + dinner
corpus-titled-crazy-cake,Crazy Cake,dessert,dessert
corpus-titled-yellow-squash-casserole,Yellow Squash Casserole,"dinner,lunch",default main → lunch + dinner
corpus-titled-7-up-salad,7-Up Salad,"dinner,lunch",default main → lunch + dinner
corpus-titled-seafood-salad,Seafood Salad,"dinner,lunch",default main → lunch + dinner
corpus-titled-ranger-cookies,Ranger Cookies,dessert,dessert
corpus-titled-granola-bars,Granola Bars,snack,strict snack
corpus-titled-pizza-dip,Pizza Dip,"dinner,lunch",default main → lunch + dinner
corpus-titled-sweet-potatoes,Sweet Potatoes,"dinner,lunch",default main → lunch + dinner
corpus-titled-stroganoff,Stroganoff,"dinner,lunch",default main → lunch + dinner
corpus-titled-chop-suey,Chop Suey,"dinner,lunch",default main → lunch + dinner
corpus-titled-baklava,Baklava,dessert,dessert
corpus-titled-christmas-salad,Christmas Salad,"dinner,lunch",default main → lunch + dinner
corpus-titled-creamed-spinach,Creamed Spinach,"dinner,lunch",default main → lunch + dinner
corpus-titled-rhubarb-custard-pie,Rhubarb Custard Pie,dessert,dessert
corpus-titled-oatmeal-chocolate-chip-cookies,Oatmeal Chocolate Chip Cookies,dessert,dessert
corpus-titled-pumpkin-soup,Pumpkin Soup,"dinner,lunch",default main → lunch + dinner
corpus-titled-fresh-peach-pie,Fresh Peach Pie,dessert,dessert
corpus-titled-candied-yams,Candied Yams,"dinner,lunch",default main → lunch + dinner
corpus-titled-jalapeno-cornbread,Jalapeno Cornbread,"dinner,lunch",default main → lunch + dinner
corpus-titled-potato-candy,Potato Candy,dessert,dessert
corpus-titled-bruschetta,Bruschetta,"dinner,lunch",default main → lunch + dinner
corpus-titled-coconut-custard-pie,Coconut Custard Pie,dessert,dessert
corpus-titled-apple-crunch,Apple Crunch,"dinner,lunch",default main → lunch + dinner
corpus-titled-rum-balls,Rum Balls,"dinner,lunch",default main → lunch + dinner
corpus-titled-chicken-delight,Chicken Delight,"dinner,lunch",default main → lunch + dinner
corpus-titled-pizza-crust,Pizza Crust,"dinner,lunch",default main → lunch + dinner
corpus-titled-barbecued-spareribs,Barbecued Spareribs,"dinner,lunch",default main → lunch + dinner
corpus-titled-strawberry-punch,Strawberry Punch,"dinner,lunch",default main → lunch + dinner
corpus-titled-rice-salad,Rice Salad,"dinner,lunch",default main → lunch + dinner
corpus-titled-sour-cream-cookies,Sour Cream Cookies,dessert,dessert
corpus-titled-jewish-apple-cake,Jewish Apple Cake,dessert,dessert
corpus-titled-scalloped-pineapple,Scalloped Pineapple,"dinner,lunch",default main → lunch + dinner
corpus-titled-macaroni-casserole,Macaroni Casserole,"dinner,lunch",default main → lunch + dinner
corpus-titled-sour-cream-cake,Sour Cream Cake,dessert,dessert
corpus-titled-onion-rings,Onion Rings,"dinner,lunch",default main → lunch + dinner
corpus-titled-egg-nog,Egg Nog,snack,drink → snack
corpus-titled-crumb-cake,Crumb Cake,dessert,dessert
corpus-titled-congo-squares,Congo Squares,"dinner,lunch",default main → lunch + dinner
corpus-titled-milky-way-cake,Milky Way Cake,dessert,dessert
corpus-titled-pickled-okra,Pickled Okra,"dinner,lunch",default main → lunch + dinner
corpus-titled-oatmeal-bread,Oatmeal Bread,breakfast,breakfast
corpus-titled-corn-bread-salad,Corn Bread Salad,"dinner,lunch",default main → lunch + dinner
corpus-titled-cheese-spread,Cheese Spread,"dinner,lunch",default main → lunch + dinner
corpus-titled-vegetable-lasagna,Vegetable Lasagna,"dinner,lunch",default main → lunch + dinner
corpus-titled-crawfish-etouffee,Crawfish Etouffee,"dinner,lunch",default main → lunch + dinner
corpus-titled-frozen-cranberry-salad,Frozen Cranberry Salad,"dinner,lunch",default main → lunch + dinner
corpus-titled-green-bean-salad,Green Bean Salad,"dinner,lunch",default main → lunch + dinner
corpus-titled-pink-salad,Pink Salad,"dinner,lunch",default main → lunch + dinner
corpus-titled-zucchini-soup,Zucchini Soup,"dinner,lunch",default main → lunch + dinner
corpus-titled-pineapple-cookies,Pineapple Cookies,dessert,dessert
corpus-titled-pumpkin-cheesecake,Pumpkin Cheesecake,dessert,dessert
corpus-titled-peach-crisp,Peach Crisp,"dinner,lunch",default main → lunch + dinner
corpus-titled-beef-jerky,Beef Jerky,snack,strict snack
corpus-titled-chocolate-truffles,Chocolate Truffles,dessert,dessert
corpus-titled-oven-stew,Oven Stew,"dinner,lunch",default main → lunch + dinner
corpus-titled-5-cup-salad,5 Cup Salad,"dinner,lunch",default main → lunch + dinner
corpus-titled-caramel-brownies,Caramel Brownies,dessert,dessert
corpus-titled-cherry-cheese-pie,Cherry Cheese Pie,dessert,dessert
corpus-titled-pork-chops-and-rice,Pork Chops And Rice,"dinner,lunch",default main → lunch + dinner
corpus-titled-barbecue-beef,Barbecue Beef,"dinner,lunch",default main → lunch + dinner
corpus-titled-spinach-pie,Spinach Pie,dessert,dessert
corpus-titled-ham-rolls,Ham Rolls,"dinner,lunch",default main → lunch + dinner
corpus-titled-chicken-noodle-casserole,Chicken Noodle Casserole,"dinner,lunch",default main → lunch + dinner
corpus-titled-egg-drop-soup,Egg Drop Soup,"dinner,lunch",default main → lunch + dinner
corpus-titled-carrot-bread,Carrot Bread,"dinner,lunch",default main → lunch + dinner
corpus-titled-date-bars,Date Bars,"dinner,lunch",default main → lunch + dinner
corpus-titled-broccoli-bake,Broccoli Bake,"dinner,lunch",default main → lunch + dinner
corpus-titled-baked-chicken-breasts,Baked Chicken Breasts,"dinner,lunch",default main → lunch + dinner
corpus-titled-broccoli-cheese-casserole,Broccoli Cheese Casserole,"dinner,lunch",default main → lunch + dinner
corpus-titled-wedding-punch,Wedding Punch,"dinner,lunch",default main → lunch + dinner
corpus-titled-brunch-casserole,Brunch Casserole,"breakfast,lunch",brunch → breakfast + lunch
corpus-titled-plum-cake,Plum Cake,dessert,dessert
corpus-titled-holiday-punch,Holiday Punch,"dinner,lunch",default main → lunch + dinner
corpus-titled-tomato-pie,Tomato Pie,dessert,dessert
corpus-titled-chicken-nuggets,Chicken Nuggets,"dinner,lunch",default main → lunch + dinner
corpus-titled-cavatini,Cavatini,"dinner,lunch",default main → lunch + dinner
corpus-titled-chili-con-queso,Chili Con Queso,"dinner,lunch",default main → lunch + dinner
corpus-titled-hello-dollies,Hello Dollies,"dinner,lunch",default main → lunch + dinner
corpus-titled-freezer-pickles,Freezer Pickles,"dinner,lunch",default main → lunch + dinner
corpus-titled-cashew-chicken,Cashew Chicken,"dinner,lunch",default main → lunch + dinner
corpus-titled-jello-cake,Jello Cake,dessert,dessert
corpus-titled-ham-casserole,Ham Casserole,"dinner,lunch",default main → lunch + dinner
corpus-titled-congo-bars,Congo Bars,"dinner,lunch",default main → lunch + dinner
corpus-titled-shortbread,Shortbread,"dinner,lunch",default main → lunch + dinner
corpus-titled-green-tomato-relish,Green Tomato Relish,"dinner,lunch",default main → lunch + dinner
corpus-titled-orange-chicken,Orange Chicken,"dinner,lunch",default main → lunch + dinner
corpus-titled-strawberry-jam,Strawberry Jam,"dinner,lunch",default main → lunch + dinner
corpus-titled-breakfast-burritos,Breakfast Burritos,breakfast,breakfast
corpus-titled-m-m-cookies,M&M Cookies,dessert,dessert
corpus-titled-chicken-and-noodles,Chicken And Noodles,"dinner,lunch",default main → lunch + dinner
corpus-titled-italian-meatballs,Italian Meatballs,"dinner,lunch",default main → lunch + dinner
corpus-titled-chicken-stock,Chicken Stock,"dinner,lunch",default main → lunch + dinner
corpus-titled-squash-pie,Squash Pie,dessert,dessert
corpus-titled-french-bread,French Bread,"dinner,lunch",default main → lunch + dinner
corpus-titled-baking-powder-biscuits,Baking Powder Biscuits,"dinner,lunch",default main → lunch + dinner
corpus-titled-blueberry-delight,Blueberry Delight,"dinner,lunch",default main → lunch + dinner
corpus-titled-brisket,Brisket,"dinner,lunch",default main → lunch + dinner
corpus-titled-scalloped-oysters,Scalloped Oysters,"dinner,lunch",default main → lunch + dinner
corpus-titled-pecan-pralines,Pecan Pralines,"dinner,lunch",default main → lunch + dinner
corpus-titled-zucchini-quiche,Zucchini Quiche,"dinner,lunch",default main → lunch + dinner
corpus-titled-chili-cheese-dip,Chili Cheese Dip,"dinner,lunch",default main → lunch + dinner
corpus-titled-tomato-soup-cake,Tomato Soup Cake,dessert,dessert
corpus-titled-devil-s-food-cake,Devil'S Food Cake,dessert,dessert
corpus-titled-cranberry-chicken,Cranberry Chicken,"dinner,lunch",default main → lunch + dinner
corpus-titled-spiced-nuts,Spiced Nuts,"dinner,lunch",default main → lunch + dinner
corpus-titled-chicken-chili,Chicken Chili,"dinner,lunch",default main → lunch + dinner
corpus-titled-cold-oven-pound-cake,Cold Oven Pound Cake,dessert,dessert
corpus-titled-apricot-nectar-cake,Apricot Nectar Cake,dessert,dessert
corpus-titled-lemon-curd,Lemon Curd,"dinner,lunch",default main → lunch + dinner
corpus-titled-oriental-salad,Oriental Salad,"dinner,lunch",default main → lunch + dinner
corpus-titled-vidalia-onion-casserole,Vidalia Onion Casserole,"dinner,lunch",default main → lunch + dinner
corpus-titled-stuffed-pork-chops,Stuffed Pork Chops,"dinner,lunch",default main → lunch + dinner
corpus-titled-whoopie-pies,Whoopie Pies,dessert,dessert
corpus-titled-italian-pasta-salad,Italian Pasta Salad,"dinner,lunch",default main → lunch + dinner
corpus-titled-creamy-rice-pudding,Creamy Rice Pudding,dessert,dessert
corpus-titled-crab-casserole,Crab Casserole,"dinner,lunch",default main → lunch + dinner
corpus-titled-summer-sausage,Summer Sausage,"dinner,lunch",default main → lunch + dinner
corpus-titled-pecan-pie-bars,Pecan Pie Bars,dessert,dessert
corpus-titled-corn-souffle,Corn Souffle,"dinner,lunch",default main → lunch + dinner
corpus-titled-pear-relish,Pear Relish,"dinner,lunch",default main → lunch + dinner
corpus-titled-pepper-jelly,Pepper Jelly,"dinner,lunch",default main → lunch + dinner
corpus-titled-green-beans,Green Beans,"dinner,lunch",default main → lunch + dinner
corpus-titled-peanut-butter-brownies,Peanut Butter Brownies,dessert,dessert
corpus-titled-cheese-grits,Cheese Grits,"dinner,lunch",default main → lunch + dinner
corpus-titled-chocolate-chip-cheesecake,Chocolate Chip Cheesecake,dessert,dessert
corpus-titled-alfredo-sauce,Alfredo Sauce,"dinner,lunch",default main → lunch + dinner
corpus-titled-corned-beef-and-cabbage,Corned Beef And Cabbage,"dinner,lunch",default main → lunch + dinner
corpus-titled-beef-barbecue,Beef Barbecue,"dinner,lunch",default main → lunch + dinner
corpus-titled-soft-sugar-cookies,Soft Sugar Cookies,dessert,dessert
corpus-titled-thumbprint-cookies,Thumbprint Cookies,dessert,dessert
corpus-titled-cream-of-mushroom-soup,Cream Of Mushroom Soup,"dinner,lunch",default main → lunch + dinner
corpus-titled-curry-dip,Curry Dip,"dinner,lunch",default main → lunch + dinner
corpus-titled-chicken-gumbo,Chicken Gumbo,"dinner,lunch",default main → lunch + dinner
corpus-titled-swiss-vegetable-medley,Swiss Vegetable Medley,"dinner,lunch",default main → lunch + dinner
corpus-titled-beef-brisket,Beef Brisket,"dinner,lunch",default main → lunch + dinner
corpus-titled-onion-casserole,Onion Casserole,"dinner,lunch",default main → lunch + dinner
corpus-titled-turkey-casserole,Turkey Casserole,"dinner,lunch",default main → lunch + dinner
corpus-titled-chocolate-brownies,Chocolate Brownies,dessert,dessert
corpus-titled-shrimp-etouffee,Shrimp Etouffee,"dinner,lunch",default main → lunch + dinner
corpus-titled-chow-chow,Chow Chow,"dinner,lunch",default main → lunch + dinner
corpus-titled-buttercream-frosting,Buttercream Frosting,"dinner,lunch",default main → lunch + dinner
corpus-titled-ham-roll-ups,Ham Roll-Ups,"dinner,lunch",default main → lunch + dinner
corpus-titled-applesauce-cookies,Applesauce Cookies,dessert,dessert
corpus-titled-rhubarb-crunch,Rhubarb Crunch,"dinner,lunch",default main → lunch + dinner
corpus-titled-party-chicken,Party Chicken,"dinner,lunch",default main → lunch + dinner
corpus-titled-grasshopper-pie,Grasshopper Pie,dessert,dessert
corpus-titled-brown-sugar-pound-cake,Brown Sugar Pound Cake,dessert,dessert
corpus-titled-fish-chowder,Fish Chowder,"dinner,lunch",default main → lunch + dinner
corpus-titled-pigs-in-a-blanket,Pigs In A Blanket,"dinner,lunch",default main → lunch + dinner
corpus-titled-tortellini-soup,Tortellini Soup,"dinner,lunch",default main → lunch + dinner
corpus-titled-fresh-fruit-dip,Fresh Fruit Dip,"dinner,lunch",default main → lunch + dinner
corpus-titled-morning-glory-muffins,Morning Glory Muffins,"dinner,lunch",default main → lunch + dinner
corpus-titled-frozen-salad,Frozen Salad,"dinner,lunch",default main → lunch + dinner
corpus-titled-flan,Flan,dessert,dessert
corpus-titled-parmesan-potatoes,Parmesan Potatoes,"dinner,lunch",default main → lunch + dinner
corpus-titled-soft-molasses-cookies,Soft Molasses Cookies,dessert,dessert
corpus-titled-cranberry-nut-bread,Cranberry Nut Bread,"dinner,lunch",default main → lunch + dinner
corpus-titled-teriyaki-sauce,Teriyaki Sauce,"dinner,lunch",default main → lunch + dinner
corpus-titled-peach-ice-cream,Peach Ice Cream,dessert,dessert
corpus-titled-sunday-brunch,Sunday Brunch,"breakfast,lunch",brunch → breakfast + lunch
corpus-titled-bourbon-balls,Bourbon Balls,"dinner,lunch",default main → lunch + dinner
corpus-titled-potatoes-au-gratin,Potatoes Au Gratin,"dinner,lunch",default main → lunch + dinner
corpus-titled-seven-layer-cookies,Seven Layer Cookies,dessert,dessert
corpus-titled-chili-beans,Chili Beans,"dinner,lunch",default main → lunch + dinner
corpus-titled-fudge-cake,Fudge Cake,dessert,dessert
corpus-titled-flour-tortillas,Flour Tortillas,"dinner,lunch",default main → lunch + dinner
corpus-titled-sesame-chicken,Sesame Chicken,"dinner,lunch",default main → lunch + dinner
corpus-titled-baked-fish,Baked Fish,"dinner,lunch",default main → lunch + dinner
corpus-titled-cowboy-beans,Cowboy Beans,"dinner,lunch",default main → lunch + dinner
corpus-titled-salmon-cakes,Salmon Cakes,dessert,dessert
corpus-titled-apricot-chicken,Apricot Chicken,"dinner,lunch",default main → lunch + dinner
corpus-titled-barbecue-beans,Barbecue Beans,"dinner,lunch",default main → lunch + dinner
corpus-titled-creamy-potato-soup,Creamy Potato Soup,"dinner,lunch",default main → lunch + dinner
corpus-titled-apple-muffins,Apple Muffins,"dinner,lunch",default main → lunch + dinner
corpus-titled-squash-pickles,Squash Pickles,"dinner,lunch",default main → lunch + dinner
corpus-titled-sourdough-starter,Sourdough Starter,"dinner,lunch",default main → lunch + dinner
corpus-titled-dirt-pudding,Dirt Pudding,dessert,dessert
corpus-titled-caramel-apple-dip,Caramel Apple Dip,"dinner,lunch",default main → lunch + dinner
corpus-titled-chocolate-eclair,Chocolate Eclair,dessert,dessert
corpus-titled-cracker-jacks,Cracker Jacks,"dinner,lunch",default main → lunch + dinner
corpus-titled-lime-salad,Lime Salad,"dinner,lunch",default main → lunch + dinner
corpus-titled-pulled-pork,Pulled Pork,"dinner,lunch",default main → lunch + dinner
corpus-titled-boiled-custard,Boiled Custard,dessert,dessert
corpus-titled-lemon-sauce,Lemon Sauce,"dinner,lunch",default main → lunch + dinner
corpus-titled-sour-cream-enchiladas,Sour Cream Enchiladas,"dinner,lunch",default main → lunch + dinner
corpus-titled-sausage-and-egg-casserole,Sausage And Egg Casserole,"dinner,lunch",default main → lunch + dinner
corpus-titled-date-pudding,Date Pudding,dessert,dessert
corpus-titled-chicken-chow-mein,Chicken Chow Mein,"dinner,lunch",default main → lunch + dinner
corpus-titled-apple-crumb-pie,Apple Crumb Pie,dessert,dessert
corpus-titled-chocolate-chip-oatmeal-cookies,Chocolate Chip Oatmeal Cookies,dessert,dessert
corpus-titled-pimento-cheese,Pimento Cheese,"dinner,lunch",default main → lunch + dinner
corpus-titled-chocolate-cherry-cake,Chocolate Cherry Cake,dessert,dessert
corpus-titled-white-fruit-cake,White Fruit Cake,dessert,dessert
corpus-titled-oatmeal-pancakes,Oatmeal Pancakes,breakfast,breakfast
corpus-titled-german-apple-cake,German Apple Cake,dessert,dessert
corpus-titled-brown-sugar-cookies,Brown Sugar Cookies,dessert,dessert
corpus-titled-chocolate-mayonnaise-cake,Chocolate Mayonnaise Cake,dessert,dessert
corpus-titled-macaroni-and-cheese-casserole,Macaroni And Cheese Casserole,"dinner,lunch",default main → lunch + dinner
corpus-titled-cucumber-relish,Cucumber Relish,"dinner,lunch",default main → lunch + dinner
corpus-titled-broccoli-and-cheese-casserole,Broccoli And Cheese Casserole,"dinner,lunch",default main → lunch + dinner
corpus-titled-pepperoni-bread,Pepperoni Bread,"dinner,lunch",default main → lunch + dinner
corpus-titled-beef-enchiladas,Beef Enchiladas,"dinner,lunch",default main → lunch + dinner
corpus-titled-boston-baked-beans,Boston Baked Beans,"dinner,lunch",default main → lunch + dinner
corpus-titled-zucchini-fritters,Zucchini Fritters,"dinner,lunch",default main → lunch + dinner
corpus-titled-cheese-fondue,Cheese Fondue,"dinner,lunch",default main → lunch + dinner
corpus-titled-grape-salad,Grape Salad,"dinner,lunch",default main → lunch + dinner
corpus-titled-watergate-cake,Watergate Cake,dessert,dessert
corpus-titled-black-walnut-cake,Black Walnut Cake,dessert,dessert
corpus-titled-chicken-parmigiana,Chicken Parmigiana,"dinner,lunch",default main → lunch + dinner
corpus-titled-pumpkin-chiffon-pie,Pumpkin Chiffon Pie,dessert,dessert
corpus-titled-cream-of-potato-soup,Cream Of Potato Soup,"dinner,lunch",default main → lunch + dinner
corpus-titled-southern-fried-chicken,Southern Fried Chicken,"dinner,lunch",default main → lunch + dinner
corpus-titled-turtles,Turtles,"dinner,lunch",default main → lunch + dinner
corpus-titled-cheeseburger-casserole,Cheeseburger Casserole,"dinner,lunch",default main → lunch + dinner
corpus-titled-strawberry-ice-cream,Strawberry Ice Cream,dessert,dessert
corpus-titled-vegetable-medley,Vegetable Medley,"dinner,lunch",default main → lunch + dinner
corpus-titled-stuffing,Stuffing,"dinner,lunch",default main → lunch + dinner
corpus-titled-peanut-butter-squares,Peanut Butter Squares,"dinner,lunch",default main → lunch + dinner
corpus-titled-squash-fritters,Squash Fritters,"dinner,lunch",default main → lunch + dinner
corpus-titled-shoo-fly-pie,Shoo-Fly Pie,dessert,dessert
corpus-titled-champagne-punch,Champagne Punch,"dinner,lunch",default main → lunch + dinner
corpus-titled-broccoli-cauliflower-salad,Broccoli-Cauliflower Salad,"dinner,lunch",default main → lunch + dinner
corpus-titled-spice-cake,Spice Cake,dessert,dessert
corpus-titled-chocolate-pudding-cake,Chocolate Pudding Cake,dessert,dessert
corpus-titled-crabmeat-dip,Crabmeat Dip,"dinner,lunch",default main → lunch + dinner
corpus-titled-beet-salad,Beet Salad,"dinner,lunch",default main → lunch + dinner
corpus-titled-cranberry-punch,Cranberry Punch,"dinner,lunch",default main → lunch + dinner
corpus-titled-irish-stew,Irish Stew,"dinner,lunch",default main → lunch + dinner
corpus-titled-broccoli-dip,Broccoli Dip,"dinner,lunch",default main → lunch + dinner
corpus-titled-squash-relish,Squash Relish,"dinner,lunch",default main → lunch + dinner
corpus-titled-swedish-apple-pie,Swedish Apple Pie,dessert,dessert
corpus-titled-gumbo,Gumbo,"dinner,lunch",default main → lunch + dinner
corpus-titled-sausage-rolls,Sausage Rolls,"dinner,lunch",default main → lunch + dinner
corpus-titled-bbq-sauce,Bbq Sauce,"dinner,lunch",default main → lunch + dinner
corpus-titled-chicken-bake,Chicken Bake,"dinner,lunch",default main → lunch + dinner
corpus-titled-pecan-tarts,Pecan Tarts,dessert,dessert
corpus-titled-vinegar-pie,Vinegar Pie,dessert,dessert
corpus-titled-sweet-potato-bread,Sweet Potato Bread,"dinner,lunch",default main → lunch + dinner
corpus-titled-snowball-cake,Snowball Cake,dessert,dessert
corpus-titled-egg-salad,Egg Salad,"dinner,lunch",default main → lunch + dinner
corpus-titled-toll-house-pie,Toll House Pie,dessert,dessert
corpus-titled-fried-cabbage,Fried Cabbage,"dinner,lunch",default main → lunch + dinner
corpus-titled-black-bottom-cupcakes,Black Bottom Cupcakes,dessert,dessert
corpus-titled-russian-tea-cakes,Russian Tea Cakes,dessert,dessert
corpus-titled-rhubarb-jam,Rhubarb Jam,"dinner,lunch",default main → lunch + dinner
corpus-titled-freezer-slaw,Freezer Slaw,"dinner,lunch",default main → lunch + dinner
corpus-titled-spaghetti-carbonara,Spaghetti Carbonara,"dinner,lunch",default main → lunch + dinner
corpus-titled-hot-cheese-dip,Hot Cheese Dip,"dinner,lunch",default main → lunch + dinner
corpus-titled-ham-balls,Ham Balls,"dinner,lunch",default main → lunch + dinner
corpus-titled-crab-quiche,Crab Quiche,"dinner,lunch",default main → lunch + dinner
corpus-titled-graham-cracker-cookies,Graham Cracker Cookies,dessert,dessert
corpus-titled-chocolate-chip-bars,Chocolate Chip Bars,"dinner,lunch",default main → lunch + dinner
corpus-titled-squash-patties,Squash Patties,"dinner,lunch",default main → lunch + dinner
corpus-titled-roast,Roast,"dinner,lunch",default main → lunch + dinner
corpus-titled-chocolate-cheesecake,Chocolate Cheesecake,dessert,dessert
corpus-titled-creamed-corn,Creamed Corn,"dinner,lunch",default main → lunch + dinner
corpus-titled-spaghetti-and-meatballs,Spaghetti And Meatballs,"dinner,lunch",default main → lunch + dinner
corpus-titled-tex-mex-dip,Tex-Mex Dip,"dinner,lunch",default main → lunch + dinner
corpus-titled-cream-cheese-pie,Cream Cheese Pie,dessert,dessert
corpus-titled-sweet-potato-balls,Sweet Potato Balls,"dinner,lunch",default main → lunch + dinner
corpus-titled-blueberry-crunch,Blueberry Crunch,"dinner,lunch",default main → lunch + dinner
corpus-titled-ice-cream-pie,Ice Cream Pie,dessert,dessert
corpus-titled-blueberry-coffee-cake,Blueberry Coffee Cake,dessert,dessert
corpus-titled-teriyaki-chicken,Teriyaki Chicken,"dinner,lunch",default main → lunch + dinner
corpus-titled-cheesy-potato-casserole,Cheesy Potato Casserole,"dinner,lunch",default main → lunch + dinner
corpus-titled-no-bake-oatmeal-cookies,No Bake Oatmeal Cookies,dessert,dessert
corpus-titled-s-sugar-cookies,S Sugar Cookies,dessert,dessert
corpus-titled-cheese-roll,Cheese Roll,"dinner,lunch",default main → lunch + dinner
corpus-titled-funnel-cake,Funnel Cake,dessert,dessert
corpus-titled-scalloped-tomatoes,Scalloped Tomatoes,"dinner,lunch",default main → lunch + dinner
corpus-titled-salmon-ball,Salmon Ball,"dinner,lunch",default main → lunch + dinner
corpus-titled-dirt,Dirt,"dinner,lunch",default main → lunch + dinner
corpus-titled-avocado-dip,Avocado Dip,"dinner,lunch",default main → lunch + dinner
corpus-titled-picante-sauce,Picante Sauce,"dinner,lunch",default main → lunch + dinner
corpus-titled-italian-meat-loaf,Italian Meat Loaf,"dinner,lunch",default main → lunch + dinner
corpus-titled-refried-beans,Refried Beans,"dinner,lunch",default main → lunch + dinner
corpus-titled-pasta-e-fagioli,Pasta E Fagioli,"dinner,lunch",default main → lunch + dinner
corpus-titled-spinach-artichoke-dip,Spinach Artichoke Dip,"dinner,lunch",default main → lunch + dinner
corpus-titled-mango-salsa,Mango Salsa,"dinner,lunch",default main → lunch + dinner
corpus-titled-dishpan-cookies,Dishpan Cookies,dessert,dessert
corpus-titled-creamy-banana-pudding,Creamy Banana Pudding,dessert,dessert
corpus-titled-fruit-pie,Fruit Pie,dessert,dessert
corpus-titled-chicken-kiev,Chicken Kiev,"dinner,lunch",default main → lunch + dinner
corpus-titled-french-silk-pie,French Silk Pie,dessert,dessert
corpus-titled-pickles,Pickles,"dinner,lunch",default main → lunch + dinner
corpus-titled-baked-oatmeal,Baked Oatmeal,breakfast,breakfast
corpus-titled-blueberry-buckle,Blueberry Buckle,"dinner,lunch",default main → lunch + dinner
corpus-titled-impossible-pumpkin-pie,Impossible Pumpkin Pie,dessert,dessert
corpus-titled-broccoli-and-rice,Broccoli And Rice,"dinner,lunch",default main → lunch + dinner
corpus-titled-divinity-candy,Divinity Candy,dessert,dessert
corpus-titled-onion-pie,Onion Pie,dessert,dessert
corpus-titled-ice-cream-dessert,Ice Cream Dessert,dessert,dessert
corpus-titled-cherry-cheesecake,Cherry Cheesecake,dessert,dessert
corpus-titled-italian-wedding-soup,Italian Wedding Soup,"dinner,lunch",default main → lunch + dinner
corpus-titled-salsa-verde,Salsa Verde,"dinner,lunch",default main → lunch + dinner
corpus-titled-crab-spread,Crab Spread,"dinner,lunch",default main → lunch + dinner
corpus-titled-blueberry-dessert,Blueberry Dessert,dessert,dessert
corpus-titled-corn-muffins,Corn Muffins,"dinner,lunch",default main → lunch + dinner
corpus-titled-cheese-log,Cheese Log,"dinner,lunch",default main → lunch + dinner
corpus-titled-mushroom-soup,Mushroom Soup,"dinner,lunch",default main → lunch + dinner
corpus-titled-lemon-cookies,Lemon Cookies,dessert,dessert
corpus-titled-stuffed-tomatoes,Stuffed Tomatoes,"dinner,lunch",default main → lunch + dinner
corpus-titled-cheese-souffle,Cheese Souffle,"dinner,lunch",default main → lunch + dinner
corpus-titled-hot-dog-chili,Hot Dog Chili,"dinner,lunch",default main → lunch + dinner
corpus-titled-broccoli-quiche,Broccoli Quiche,"dinner,lunch",default main → lunch + dinner
corpus-titled-gingerbread-cookies,Gingerbread Cookies,dessert,dessert
corpus-titled-cabbage-slaw,Cabbage Slaw,"dinner,lunch",default main → lunch + dinner
corpus-titled-sunshine-salad,Sunshine Salad,"dinner,lunch",default main → lunch + dinner
corpus-titled-lemon-dessert,Lemon Dessert,dessert,dessert
corpus-titled-mexican-wedding-cookies,Mexican Wedding Cookies,dessert,dessert
corpus-titled-tortellini-salad,Tortellini Salad,"dinner,lunch",default main → lunch + dinner
corpus-titled-sliced-baked-potatoes,Sliced Baked Potatoes,"dinner,lunch",default main → lunch + dinner
corpus-titled-impossible-coconut-pie,Impossible Coconut Pie,dessert,dessert
corpus-titled-english-trifle,English Trifle,"dinner,lunch",default main → lunch + dinner
corpus-titled-chicken-paprikash,Chicken Paprikash,"dinner,lunch",default main → lunch + dinner
corpus-titled-baked-custard,Baked Custard,dessert,dessert
corpus-titled-ambrosia-salad,Ambrosia Salad,"dinner,lunch",default main → lunch + dinner
corpus-titled-graham-cracker-cake,Graham Cracker Cake,dessert,dessert
corpus-titled-7-up-pound-cake,7-Up Pound Cake,dessert,dessert
corpus-titled-swedish-pancakes,Swedish Pancakes,breakfast,breakfast
corpus-titled-rhubarb-crisp,Rhubarb Crisp,"dinner,lunch",default main → lunch + dinner
corpus-titled-twinkie-cake,Twinkie Cake,dessert,dessert
corpus-titled-meringue,Meringue,dessert,dessert
corpus-titled-hot-dog-sauce,Hot Dog Sauce,"dinner,lunch",default main → lunch + dinner
corpus-titled-apple-nut-cake,Apple Nut Cake,dessert,dessert
corpus-titled-chicken-and-broccoli,Chicken And Broccoli,"dinner,lunch",default main → lunch + dinner
corpus-titled-sausage-gravy,Sausage Gravy,breakfast,breakfast
corpus-titled-skillet-cookies,Skillet Cookies,dessert,dessert
corpus-titled-creme-brulee,Creme Brulee,dessert,dessert
corpus-titled-pinto-bean-pie,Pinto Bean Pie,dessert,dessert
corpus-titled-pumpkin-squares,Pumpkin Squares,"dinner,lunch",default main → lunch + dinner
corpus-titled-chess-squares,Chess Squares,"dinner,lunch",default main → lunch + dinner
corpus-titled-oreo-cookie-dessert,Oreo Cookie Dessert,dessert,dessert
corpus-titled-taco-bake,Taco Bake,"dinner,lunch",default main → lunch + dinner
corpus-titled-heath-bar-cake,Heath Bar Cake,dessert,dessert
corpus-titled-hawaiian-cake,Hawaiian Cake,dessert,dessert
corpus-titled-cream-cheese-brownies,Cream Cheese Brownies,dessert,dessert
corpus-titled-hot-fudge-pudding-cake,Hot Fudge Pudding Cake,dessert,dessert
corpus-titled-jalapeno-corn-bread,Jalapeno Corn Bread,"dinner,lunch",default main → lunch + dinner
corpus-titled-green-pea-salad,Green Pea Salad,"dinner,lunch",default main → lunch + dinner
corpus-titled-lemon-sponge-pie,Lemon Sponge Pie,dessert,dessert
corpus-titled-ranch-dressing,Ranch Dressing,"dinner,lunch",default main → lunch + dinner
corpus-titled-million-dollar-fudge,Million Dollar Fudge,dessert,dessert
corpus-titled-pumpkin-dessert,Pumpkin Dessert,dessert,dessert
corpus-titled-apricot-bars,Apricot Bars,"dinner,lunch",default main → lunch + dinner
corpus-titled-spinach-souffle,Spinach Souffle,"dinner,lunch",default main → lunch + dinner
corpus-titled-icebox-rolls,Icebox Rolls,"dinner,lunch",default main → lunch + dinner
corpus-titled-tomato-relish,Tomato Relish,"dinner,lunch",default main → lunch + dinner
corpus-titled-tacos,Tacos,"dinner,lunch",default main → lunch + dinner
corpus-titled-cranberry-chutney,Cranberry Chutney,"dinner,lunch",default main → lunch + dinner
corpus-titled-peanut-patties,Peanut Patties,"dinner,lunch",default main → lunch + dinner
corpus-titled-fish-tacos,Fish Tacos,"dinner,lunch",default main → lunch + dinner
corpus-titled-hot-spiced-tea,Hot Spiced Tea,"dinner,lunch",default main → lunch + dinner
corpus-titled-chicken-stroganoff,Chicken Stroganoff,"dinner,lunch",default main → lunch + dinner
corpus-titled-dirt-dessert,Dirt Dessert,dessert,dessert
corpus-titled-sour-cream-chicken-enchiladas,Sour Cream Chicken Enchiladas,"dinner,lunch",default main → lunch + dinner
corpus-titled-beans,Beans,"dinner,lunch",default main → lunch + dinner
corpus-titled-3-bean-salad,3 Bean Salad,"dinner,lunch",default main → lunch + dinner
corpus-titled-toffee,Toffee,"dinner,lunch",default main → lunch + dinner
corpus-titled-sausage-quiche,Sausage Quiche,"dinner,lunch",default main → lunch + dinner
corpus-titled-zucchini-bake,Zucchini Bake,"dinner,lunch",default main → lunch + dinner
corpus-titled-baked-rice,Baked Rice,"dinner,lunch",default main → lunch + dinner
corpus-titled-cream-cheese-ball,Cream Cheese Ball,"dinner,lunch",default main → lunch + dinner
corpus-titled-fried-okra,Fried Okra,"dinner,lunch",default main → lunch + dinner
corpus-titled-chocolate-crinkles,Chocolate Crinkles,"dinner,lunch",default main → lunch + dinner
corpus-titled-lemon-delight,Lemon Delight,"dinner,lunch",default main → lunch + dinner
corpus-titled-cincinnati-chili,Cincinnati Chili,"dinner,lunch",default main → lunch + dinner
corpus-titled-moist-chocolate-cake,Moist Chocolate Cake,dessert,dessert
corpus-titled-mulled-cider,Mulled Cider,"dinner,lunch",default main → lunch + dinner
corpus-titled-martha-washington-candy,Martha Washington Candy,dessert,dessert
corpus-titled-instant-russian-tea,Instant Russian Tea,"dinner,lunch",default main → lunch + dinner
corpus-titled-neiman-marcus-cake,Neiman-Marcus Cake,dessert,dessert
corpus-titled-holiday-cheese-ball,Holiday Cheese Ball,"dinner,lunch",default main → lunch + dinner
corpus-titled-sausage-and-rice-casserole,Sausage And Rice Casserole,"dinner,lunch",default main → lunch + dinner
corpus-titled-chipped-beef-dip,Chipped Beef Dip,"dinner,lunch",default main → lunch + dinner
corpus-titled-enchilada-pie,Enchilada Pie,dessert,dessert
corpus-titled-garlic-mashed-potatoes,Garlic Mashed Potatoes,"dinner,lunch",default main → lunch + dinner
corpus-titled-tzatziki,Tzatziki,"dinner,lunch",default main → lunch + dinner
corpus-titled-chicken-roll-ups,Chicken Roll-Ups,"dinner,lunch",default main → lunch + dinner
corpus-titled-persimmon-cookies,Persimmon Cookies,dessert,dessert
corpus-titled-pineapple-delight,Pineapple Delight,"dinner,lunch",default main → lunch + dinner
corpus-titled-hamburger-stew,Hamburger Stew,"dinner,lunch",default main → lunch + dinner
corpus-titled-barbecue-meatballs,Barbecue Meatballs,"dinner,lunch",default main → lunch + dinner
corpus-titled-turkey-burgers,Turkey Burgers,"dinner,lunch",default main → lunch + dinner
corpus-titled-sour-cream-cornbread,Sour Cream Cornbread,"dinner,lunch",default main → lunch + dinner
corpus-titled-orange-sherbet,Orange Sherbet,"dinner,lunch",default main → lunch + dinner
corpus-titled-oven-beef-stew,Oven Beef Stew,"dinner,lunch",default main → lunch + dinner
corpus-titled-applesauce-muffins,Applesauce Muffins,"dinner,lunch",default main → lunch + dinner
corpus-titled-yeast-biscuits,Yeast Biscuits,"dinner,lunch",default main → lunch + dinner
corpus-titled-sponge-cake,Sponge Cake,dessert,dessert
corpus-titled-chocolate-covered-cherries,Chocolate Covered Cherries,"dinner,lunch",default main → lunch + dinner
corpus-titled-hot-sauce,Hot Sauce,"dinner,lunch",default main → lunch + dinner
corpus-titled-no-peek-chicken,No Peek Chicken,"dinner,lunch",default main → lunch + dinner
corpus-titled-slush,Slush,"dinner,lunch",default main → lunch + dinner
corpus-titled-cucumber-sandwiches,Cucumber Sandwiches,"dinner,lunch",default main → lunch + dinner
corpus-titled-strawberry-trifle,Strawberry Trifle,"dinner,lunch",default main → lunch + dinner
corpus-titled-1-2-3-4-cake,1-2-3-4 Cake,dessert,dessert
corpus-titled-salsa-chicken,Salsa Chicken,"dinner,lunch",default main → lunch + dinner
corpus-titled-cherry-cheese-cake,Cherry Cheese Cake,dessert,dessert
corpus-titled-company-casserole,Company Casserole,"dinner,lunch",default main → lunch + dinner
corpus-titled-mini-cheesecakes,Mini Cheesecakes,dessert,dessert
corpus-titled-jelly-roll,Jelly Roll,"dinner,lunch",default main → lunch + dinner
corpus-titled-apple-brownies,Apple Brownies,dessert,dessert
corpus-titled-blackberry-cake,Blackberry Cake,dessert,dessert
corpus-titled-apple-squares,Apple Squares,"dinner,lunch",default main → lunch + dinner
corpus-titled-baked-potato-salad,Baked Potato Salad,"dinner,lunch",default main → lunch + dinner
corpus-titled-bubble-bread,Bubble Bread,"dinner,lunch",default main → lunch + dinner
corpus-titled-marinated-flank-steak,Marinated Flank Steak,"dinner,lunch",default main → lunch + dinner
corpus-titled-pistachio-dessert,Pistachio Dessert,dessert,dessert
corpus-titled-caesar-salad-dressing,Caesar Salad Dressing,"dinner,lunch",default main → lunch + dinner
corpus-titled-hawaiian-wedding-cake,Hawaiian Wedding Cake,dessert,dessert
corpus-titled-crab-imperial,Crab Imperial,"dinner,lunch",default main → lunch + dinner
corpus-titled-sauerkraut,Sauerkraut,"dinner,lunch",default main → lunch + dinner
corpus-titled-rocky-road-candy,Rocky Road Candy,dessert,dessert
corpus-titled-frosting,Frosting,"dinner,lunch",default main → lunch + dinner
corpus-titled-baked-chicken-salad,Baked Chicken Salad,"dinner,lunch",default main → lunch + dinner
corpus-titled-grits-casserole,Grits Casserole,"dinner,lunch",default main → lunch + dinner
corpus-titled-rice,Rice,"dinner,lunch",default main → lunch + dinner
corpus-titled-yum-yum-cake,Yum Yum Cake,dessert,dessert
corpus-titled-hot-broccoli-dip,Hot Broccoli Dip,"dinner,lunch",default main → lunch + dinner
corpus-titled-steak-marinade,Steak Marinade,"dinner,lunch",default main → lunch + dinner
corpus-titled-brown-bread,Brown Bread,"dinner,lunch",default main → lunch + dinner
corpus-titled-triple-chocolate-cake,Triple Chocolate Cake,dessert,dessert
corpus-titled-shrimp-fried-rice,Shrimp Fried Rice,"dinner,lunch",default main → lunch + dinner
corpus-titled-butterscotch-cookies,Butterscotch Cookies,dessert,dessert
corpus-titled-hot-pepper-jelly,Hot Pepper Jelly,"dinner,lunch",default main → lunch + dinner
corpus-titled-chocolate-zucchini-bread,Chocolate Zucchini Bread,"dinner,lunch",default main → lunch + dinner
corpus-titled-boston-brown-bread,Boston Brown Bread,"dinner,lunch",default main → lunch + dinner
corpus-titled-chicken-spectacular,Chicken Spectacular,"dinner,lunch",default main → lunch + dinner
corpus-titled-chocolate-bread-pudding,Chocolate Bread Pudding,dessert,dessert
corpus-titled-mexican-pizza,Mexican Pizza,"dinner,lunch",default main → lunch + dinner
corpus-titled-oyster-crackers,Oyster Crackers,"dinner,lunch",default main → lunch + dinner
corpus-titled-molasses-sugar-cookies,Molasses Sugar Cookies,dessert,dessert
corpus-titled-coca-cola-salad,Coca-Cola Salad,"dinner,lunch",default main → lunch + dinner
corpus-titled-white-sauce,White Sauce,"dinner,lunch",default main → lunch + dinner
corpus-titled-dump-salad,Dump Salad,"dinner,lunch",default main → lunch + dinner
corpus-titled-sour-cream-raisin-pie,Sour Cream Raisin Pie,dessert,dessert
corpus-titled-sopaipillas,Sopaipillas,"dinner,lunch",default main → lunch + dinner
corpus-titled-company-chicken,Company Chicken,"dinner,lunch",default main → lunch + dinner
corpus-titled-spinach-squares,Spinach Squares,"dinner,lunch",default main → lunch + dinner
corpus-titled-apple-kuchen,Apple Kuchen,"dinner,lunch",default main → lunch + dinner
corpus-titled-swiss-chicken,Swiss Chicken,"dinner,lunch",default main → lunch + dinner
corpus-titled-broccoli-supreme,Broccoli Supreme,"dinner,lunch",default main → lunch + dinner
corpus-titled-chinese-pepper-steak,Chinese Pepper Steak,"dinner,lunch",default main → lunch + dinner
corpus-titled-bananas-foster,Bananas Foster,"dinner,lunch",default main → lunch + dinner
corpus-titled-pecan-tassies,Pecan Tassies,"dinner,lunch",default main → lunch + dinner
corpus-titled-mock-apple-pie,Mock Apple Pie,dessert,dessert
corpus-titled-curried-chicken-salad,Curried Chicken Salad,"dinner,lunch",default main → lunch + dinner
corpus-titled-trifle,Trifle,"dinner,lunch",default main → lunch + dinner
corpus-titled-burritos,Burritos,"dinner,lunch",default main → lunch + dinner
corpus-titled-manhattan-clam-chowder,Manhattan Clam Chowder,"dinner,lunch",default main → lunch + dinner
corpus-titled-hot-milk-cake,Hot Milk Cake,dessert,dessert
corpus-titled-tuna-burgers,Tuna Burgers,"dinner,lunch",default main → lunch + dinner
corpus-titled-double-layer-pumpkin-pie,Double Layer Pumpkin Pie,dessert,dessert
corpus-titled-rhubarb-dessert,Rhubarb Dessert,dessert,dessert
corpus-titled-peach-cake,Peach Cake,dessert,dessert
corpus-titled-black-eyed-pea-salad,Black-Eyed Pea Salad,"dinner,lunch",default main → lunch + dinner
corpus-titled-potato-cheese-soup,Potato Cheese Soup,"dinner,lunch",default main → lunch + dinner
corpus-titled-chicken-tortilla-casserole,Chicken Tortilla Casserole,"dinner,lunch",default main → lunch + dinner
corpus-titled-overnight-salad,Overnight Salad,"dinner,lunch",default main → lunch + dinner
corpus-titled-peanut-butter-fingers,Peanut Butter Fingers,"dinner,lunch",default main → lunch + dinner
corpus-titled-baked-squash,Baked Squash,"dinner,lunch",default main → lunch + dinner
corpus-titled-chinese-chicken-wings,Chinese Chicken Wings,"dinner,lunch",default main → lunch + dinner
corpus-titled-honey-mustard-chicken,Honey Mustard Chicken,"dinner,lunch",default main → lunch + dinner
corpus-titled-hot-cross-buns,Hot Cross Buns,"dinner,lunch",default main → lunch + dinner
corpus-titled-cole-slaw-dressing,Cole Slaw Dressing,"dinner,lunch",default main → lunch + dinner
corpus-titled-lima-bean-casserole,Lima Bean Casserole,"dinner,lunch",default main → lunch + dinner
corpus-titled-pecan-sandies,Pecan Sandies,"dinner,lunch",default main → lunch + dinner
corpus-titled-cauliflower-soup,Cauliflower Soup,"dinner,lunch",default main → lunch + dinner
corpus-titled-candy,Candy,dessert,dessert
corpus-titled-cioppino,Cioppino,"dinner,lunch",default main → lunch + dinner
corpus-titled-glorified-rice,Glorified Rice,"dinner,lunch",default main → lunch + dinner
corpus-titled-cream-cheese-icing,Cream Cheese Icing,"dinner,lunch",default main → lunch + dinner
corpus-titled-pasta,Pasta,"dinner,lunch",default main → lunch + dinner
corpus-titled-chocolate-drop-cookies,Chocolate Drop Cookies,dessert,dessert
corpus-titled-chocolate-chip-pound-cake,Chocolate Chip Pound Cake,dessert,dessert
corpus-titled-eggplant-parmigiana,Eggplant Parmigiana,"dinner,lunch",default main → lunch + dinner
corpus-titled-raisin-cake,Raisin Cake,dessert,dessert
corpus-titled-finger-jello,Finger Jello,"dinner,lunch",default main → lunch + dinner
corpus-titled-cherry-dump-cake,Cherry Dump Cake,dessert,dessert
corpus-titled-english-pea-casserole,English Pea Casserole,"dinner,lunch",default main → lunch + dinner
corpus-titled-chocolate-fudge-cake,Chocolate Fudge Cake,dessert,dessert
corpus-titled-cornbread-casserole,Cornbread Casserole,"dinner,lunch",default main → lunch + dinner
corpus-titled-white-fudge,White Fudge,dessert,dessert
corpus-titled-mexican-meat-loaf,Mexican Meat Loaf,"dinner,lunch",default main → lunch + dinner
corpus-titled-noodle-pudding,Noodle Pudding,"dinner,lunch",default main → lunch + dinner
corpus-titled-old-fashioned-tea-cakes,Old Fashioned Tea Cakes,dessert,dessert
corpus-titled-fresh-coconut-cake,Fresh Coconut Cake,dessert,dessert
corpus-titled-peanut-butter-blossoms,Peanut Butter Blossoms,"dinner,lunch",default main → lunch + dinner
corpus-titled-beef-roast,Beef Roast,"dinner,lunch",default main → lunch + dinner
corpus-titled-cherry-squares,Cherry Squares,"dinner,lunch",default main → lunch + dinner
corpus-titled-chicken-dressing,Chicken Dressing,"dinner,lunch",default main → lunch + dinner
corpus-titled-hershey-bar-pie,Hershey Bar Pie,dessert,dessert
corpus-titled-mexican-fruit-cake,Mexican Fruit Cake,dessert,dessert
corpus-titled-mints,Mints,"dinner,lunch",default main → lunch + dinner
corpus-titled-pear-salad,Pear Salad,"dinner,lunch",default main → lunch + dinner
corpus-titled-chicken-paprika,Chicken Paprika,"dinner,lunch",default main → lunch + dinner
corpus-titled-black-bean-dip,Black Bean Dip,"dinner,lunch",default main → lunch + dinner
corpus-titled-quesadillas,Quesadillas,"dinner,lunch",default main → lunch + dinner
corpus-titled-hoppin-john,Hoppin' John,"dinner,lunch",default main → lunch + dinner
corpus-titled-nuts-and-bolts,Nuts And Bolts,"dinner,lunch",default main → lunch + dinner
corpus-titled-corn-bread-dressing,Corn Bread Dressing,"dinner,lunch",default main → lunch + dinner
corpus-titled-apple-crumble,Apple Crumble,dessert,dessert
corpus-titled-macaroons,Macaroons,dessert,dessert
corpus-titled-hot-apple-cider,Hot Apple Cider,"dinner,lunch",default main → lunch + dinner
corpus-titled-antipasto-salad,Antipasto Salad,"lunch,snack",tapas → snack + lunch
corpus-titled-chicken-tacos,Chicken Tacos,"dinner,lunch",default main → lunch + dinner
corpus-titled-fudge-frosting,Fudge Frosting,dessert,dessert
corpus-titled-chicken-breasts,Chicken Breasts,"dinner,lunch",default main → lunch + dinner
corpus-titled-pudding-cake,Pudding Cake,dessert,dessert
corpus-titled-rice-and-broccoli-casserole,Rice And Broccoli Casserole,"dinner,lunch",default main → lunch + dinner
corpus-titled-fudgy-brownies,Fudgy Brownies,dessert,dessert
corpus-titled-carrot-soup,Carrot Soup,"dinner,lunch",default main → lunch + dinner
corpus-titled-cheesy-potato-soup,Cheesy Potato Soup,"dinner,lunch",default main → lunch + dinner
corpus-titled-shepherds-pie,Shepherds Pie,"dinner,lunch",default main → lunch + dinner
corpus-titled-smothered-pork-chops,Smothered Pork Chops,"dinner,lunch",default main → lunch + dinner
corpus-titled-hot-wings,Hot Wings,"dinner,lunch",default main → lunch + dinner
corpus-titled-caramel-rolls,Caramel Rolls,"dinner,lunch",default main → lunch + dinner
corpus-titled-chewy-oatmeal-cookies,Chewy Oatmeal Cookies,dessert,dessert
corpus-titled-mississippi-mud-pie,Mississippi Mud Pie,dessert,dessert
corpus-titled-hermits,Hermits,"dinner,lunch",default main → lunch + dinner
corpus-titled-cocktail-sauce,Cocktail Sauce,"dinner,lunch",default main → lunch + dinner
corpus-titled-mexican-bean-dip,Mexican Bean Dip,"dinner,lunch",default main → lunch + dinner
corpus-titled-wild-rice-soup,Wild Rice Soup,"dinner,lunch",default main → lunch + dinner
corpus-titled-cheese-pie,Cheese Pie,dessert,dessert
corpus-titled-zucchini-nut-bread,Zucchini Nut Bread,"dinner,lunch",default main → lunch + dinner
corpus-titled-venison-stew,Venison Stew,"dinner,lunch",default main → lunch + dinner
corpus-titled-chili-rellenos-casserole,Chili Rellenos Casserole,"dinner,lunch",default main → lunch + dinner
corpus-titled-lemon-jello-cake,Lemon Jello Cake,dessert,dessert
corpus-titled-seafood-chowder,Seafood Chowder,"dinner,lunch",default main → lunch + dinner
corpus-titled-pear-honey,Pear Honey,"dinner,lunch",default main → lunch + dinner
corpus-titled-upside-down-german-chocolate-cake,Upside-Down German Chocolate Cake,dessert,dessert
corpus-titled-black-forest-cake,Black Forest Cake,dessert,dessert
corpus-titled-chicken-quesadillas,Chicken Quesadillas,"dinner,lunch",default main → lunch + dinner
corpus-titled-icebox-cake,Icebox Cake,dessert,dessert
corpus-titled-zucchini-appetizers,Zucchini Appetizers,"dinner,lunch",default main → lunch + dinner
corpus-titled-barbecued-meatballs,Barbecued Meatballs,"dinner,lunch",default main → lunch + dinner
corpus-titled-fresh-salsa,Fresh Salsa,"dinner,lunch",default main → lunch + dinner
corpus-titled-black-bean-salsa,Black Bean Salsa,"dinner,lunch",default main → lunch + dinner
corpus-titled-apple-pie-filling,Apple Pie Filling,dessert,dessert
corpus-titled-turkey-meatloaf,Turkey Meatloaf,"dinner,lunch",default main → lunch + dinner
corpus-titled-baked-bean-casserole,Baked Bean Casserole,"dinner,lunch",default main → lunch + dinner
corpus-titled-red-cabbage,Red Cabbage,"dinner,lunch",default main → lunch + dinner
corpus-titled-jezebel-sauce,Jezebel Sauce,"dinner,lunch",default main → lunch + dinner
corpus-titled-mexican-cheese-dip,Mexican Cheese Dip,"dinner,lunch",default main → lunch + dinner
corpus-titled-baked-ham,Baked Ham,"dinner,lunch",default main → lunch + dinner
corpus-titled-refrigerator-bran-muffins,Refrigerator Bran Muffins,"dinner,lunch",default main → lunch + dinner
corpus-titled-barbecue-ribs,Barbecue Ribs,"dinner,lunch",default main → lunch + dinner
corpus-titled-hawaiian-pie,Hawaiian Pie,dessert,dessert
corpus-titled-caramel-apples,Caramel Apples,"dinner,lunch",default main → lunch + dinner
corpus-titled-no-bake-cheesecake,No Bake Cheesecake,dessert,dessert
corpus-titled-ground-beef-stroganoff,Ground Beef Stroganoff,"dinner,lunch",default main → lunch + dinner
corpus-titled-baked-french-toast,Baked French Toast,breakfast,breakfast
corpus-titled-buttermilk-cake,Buttermilk Cake,dessert,dessert
corpus-titled-stuffed-french-toast,Stuffed French Toast,breakfast,breakfast
corpus-titled-chocolate-trifle,Chocolate Trifle,"dinner,lunch",default main → lunch + dinner
corpus-titled-texas-chili,Texas Chili,"dinner,lunch",default main → lunch + dinner
corpus-titled-baked-chicken-and-rice,Baked Chicken And Rice,"dinner,lunch",default main → lunch + dinner
corpus-titled-vegetable-bars,Vegetable Bars,"dinner,lunch",default main → lunch + dinner
corpus-titled-slush-punch,Slush Punch,"dinner,lunch",default main → lunch + dinner
corpus-titled-hot-mulled-cider,Hot Mulled Cider,"dinner,lunch",default main → lunch + dinner
corpus-titled-rotel-chicken,Rotel Chicken,"dinner,lunch",default main → lunch + dinner
corpus-titled-mini-pizzas,Mini Pizzas,"dinner,lunch",default main → lunch + dinner
corpus-titled-chocolate-syrup,Chocolate Syrup,"dinner,lunch",default main → lunch + dinner
corpus-titled-apple-coffee-cake,Apple Coffee Cake,dessert,dessert
corpus-titled-king-ranch-casserole,King Ranch Casserole,"dinner,lunch",default main → lunch + dinner
corpus-titled-carrot-souffle,Carrot Souffle,"dinner,lunch",default main → lunch + dinner
corpus-titled-butterfinger-cake,Butterfinger Cake,dessert,dessert
corpus-titled-smothered-chicken,Smothered Chicken,"dinner,lunch",default main → lunch + dinner
corpus-titled-stuffed-chicken-breasts,Stuffed Chicken Breasts,"dinner,lunch",default main → lunch + dinner
corpus-titled-sugarless-apple-pie,Sugarless Apple Pie,dessert,dessert
corpus-titled-dried-beef-dip,Dried Beef Dip,"dinner,lunch",default main → lunch + dinner
corpus-titled-veggie-bars,Veggie Bars,"dinner,lunch",default main → lunch + dinner
corpus-titled-white-cake,White Cake,dessert,dessert
corpus-titled-cream-cheese-mints,Cream Cheese Mints,"dinner,lunch",default main → lunch + dinner
corpus-titled-sour-cream-apple-pie,Sour Cream Apple Pie,dessert,dessert
corpus-titled-peach-salad,Peach Salad,"dinner,lunch",default main → lunch + dinner
corpus-titled-cranberry-jello-salad,Cranberry Jello Salad,"dinner,lunch",default main → lunch + dinner
corpus-titled-kool-aid-punch,Kool-Aid Punch,"dinner,lunch",default main → lunch + dinner
corpus-titled-green-pepper-steak,Green Pepper Steak,"dinner,lunch",default main → lunch + dinner
corpus-titled-gourmet-potatoes,Gourmet Potatoes,"dinner,lunch",default main → lunch + dinner
corpus-titled-holiday-salad,Holiday Salad,"dinner,lunch",default main → lunch + dinner
corpus-titled-hot-and-sour-soup,Hot And Sour Soup,"dinner,lunch",default main → lunch + dinner
corpus-titled-layered-lettuce-salad,Layered Lettuce Salad,"dinner,lunch",default main → lunch + dinner
corpus-titled-cucumber-dip,Cucumber Dip,"dinner,lunch",default main → lunch + dinner
corpus-titled-teriyaki-marinade,Teriyaki Marinade,"dinner,lunch",default main → lunch + dinner
corpus-titled-bolognese-sauce,Bolognese Sauce,"dinner,lunch",default main → lunch + dinner
corpus-titled-date-nut-balls,Date Nut Balls,"dinner,lunch",default main → lunch + dinner
corpus-titled-tomato-aspic,Tomato Aspic,"dinner,lunch",default main → lunch + dinner
corpus-titled-friendship-tea,Friendship Tea,"dinner,lunch",default main → lunch + dinner
corpus-titled-american-chop-suey,American Chop Suey,"dinner,lunch",default main → lunch + dinner
corpus-titled-upside-down-pizza,Upside-Down Pizza,"dinner,lunch",default main → lunch + dinner
corpus-titled-sweet-potato-salad,Sweet Potato Salad,"dinner,lunch",default main → lunch + dinner
corpus-titled-shrimp-gumbo,Shrimp Gumbo,"dinner,lunch",default main → lunch + dinner
corpus-titled-fajitas,Fajitas,"dinner,lunch",default main → lunch + dinner
corpus-titled-irish-bread,Irish Bread,"dinner,lunch",default main → lunch + dinner
corpus-titled-apple-strudel,Apple Strudel,"dinner,lunch",default main → lunch + dinner
corpus-titled-hot-fudge-cake,Hot Fudge Cake,dessert,dessert
corpus-titled-curried-fruit,Curried Fruit,"dinner,lunch",default main → lunch + dinner
corpus-titled-hot-buttered-rum,Hot Buttered Rum,"dinner,lunch",default main → lunch + dinner
corpus-titled-salsa-dip,Salsa Dip,"dinner,lunch",default main → lunch + dinner
corpus-titled-ham-ball,Ham Ball,"dinner,lunch",default main → lunch + dinner
corpus-titled-lemon-cheesecake,Lemon Cheesecake,dessert,dessert
corpus-titled-peach-delight,Peach Delight,"dinner,lunch",default main → lunch + dinner
corpus-titled-ritz-cracker-pie,Ritz Cracker Pie,dessert,dessert
corpus-titled-black-bean-salad,Black Bean Salad,"dinner,lunch",default main → lunch + dinner
corpus-titled-butter-pecan-ice-cream,Butter Pecan Ice Cream,dessert,dessert
corpus-titled-shrimp-jambalaya,Shrimp Jambalaya,"dinner,lunch",default main → lunch + dinner
corpus-titled-strawberry-nut-bread,Strawberry Nut Bread,"dinner,lunch",default main → lunch + dinner
corpus-titled-dutch-apple-pie,Dutch Apple Pie,dessert,dessert
corpus-titled-pecan-cookies,Pecan Cookies,dessert,dessert
corpus-titled-tomato-salad,Tomato Salad,"dinner,lunch",default main → lunch + dinner
corpus-titled-yellow-cake,Yellow Cake,dessert,dessert
corpus-titled-sausage-pinwheels,Sausage Pinwheels,"dinner,lunch",default main → lunch + dinner
corpus-titled-celery-seed-dressing,Celery Seed Dressing,"dinner,lunch",default main → lunch + dinner
corpus-titled-picadillo,Picadillo,"dinner,lunch",default main → lunch + dinner
corpus-titled-cherry-yum-yum,Cherry Yum Yum,"dinner,lunch",default main → lunch + dinner
corpus-titled-pumpkin-nut-bread,Pumpkin Nut Bread,"dinner,lunch",default main → lunch + dinner
corpus-titled-impossible-cheeseburger-pie,Impossible Cheeseburger Pie,dessert,dessert
corpus-titled-champagne-salad,Champagne Salad,"dinner,lunch",default main → lunch + dinner
corpus-titled-turkey-dressing,Turkey Dressing,"dinner,lunch",default main → lunch + dinner
corpus-titled-pineapple-dessert,Pineapple Dessert,dessert,dessert
corpus-titled-potato-bake,Potato Bake,"dinner,lunch",default main → lunch + dinner
corpus-titled-garlic-chicken,Garlic Chicken,"dinner,lunch",default main → lunch + dinner
corpus-titled-beef-barley-soup,Beef Barley Soup,"dinner,lunch",default main → lunch + dinner
corpus-titled-apple-dapple-cake,Apple Dapple Cake,dessert,dessert
corpus-titled-coconut-cookies,Coconut Cookies,dessert,dessert
corpus-titled-chinese-chews,Chinese Chews,"dinner,lunch",default main → lunch + dinner
corpus-titled-horseradish-sauce,Horseradish Sauce,"dinner,lunch",default main → lunch + dinner
corpus-titled-turkey-pot-pie,Turkey Pot Pie,"dinner,lunch",default main → lunch + dinner
corpus-titled-yogurt,Yogurt,"dinner,lunch",default main → lunch + dinner
corpus-titled-falafel,Falafel,"dinner,lunch",default main → lunch + dinner
corpus-titled-chocolate-fudge-pie,Chocolate Fudge Pie,dessert,dessert
corpus-titled-hot-spiced-cider,Hot Spiced Cider,"dinner,lunch",default main → lunch + dinner
corpus-titled-irish-cream,Irish Cream,"dinner,lunch",default main → lunch + dinner
corpus-titled-barbecued-ribs,Barbecued Ribs,"dinner,lunch",default main → lunch + dinner
corpus-titled-meat-pie,Meat Pie,"dinner,lunch",default main → lunch + dinner
corpus-titled-giblet-gravy,Giblet Gravy,"dinner,lunch",default main → lunch + dinner
corpus-titled-venison-roast,Venison Roast,"dinner,lunch",default main → lunch + dinner
corpus-titled-old-fashioned-sugar-cookies,Old Fashioned Sugar Cookies,dessert,dessert
corpus-titled-english-muffins,English Muffins,"dinner,lunch",default main → lunch + dinner
corpus-titled-dilly-bread,Dilly Bread,"dinner,lunch",default main → lunch + dinner
corpus-titled-four-layer-dessert,Four Layer Dessert,dessert,dessert
corpus-titled-peanut-butter-chocolate-chip-cookies,Peanut Butter Chocolate Chip Cookies,dessert,dessert
corpus-titled-spritz-cookies,Spritz Cookies,dessert,dessert
corpus-titled-cherries-in-the-snow,Cherries In The Snow,"dinner,lunch",default main → lunch + dinner
corpus-titled-cheese-strata,Cheese Strata,"dinner,lunch",default main → lunch + dinner
corpus-titled-croutons,Croutons,"dinner,lunch",default main → lunch + dinner
corpus-titled-macaroni-cheese,Macaroni & Cheese,"dinner,lunch",default main → lunch + dinner
corpus-titled-chocolate-eclair-dessert,Chocolate Eclair Dessert,dessert,dessert
corpus-titled-banana-nut-muffins,Banana Nut Muffins,"dinner,lunch",default main → lunch + dinner
corpus-titled-corned-beef-salad,Corned Beef Salad,"dinner,lunch",default main → lunch + dinner
corpus-titled-fried-apples,Fried Apples,"dinner,lunch",default main → lunch + dinner
corpus-titled-company-potatoes,Company Potatoes,"dinner,lunch",default main → lunch + dinner
corpus-titled-collard-greens,Collard Greens,"dinner,lunch",default main → lunch + dinner
corpus-titled-pecan-puffs,Pecan Puffs,"dinner,lunch",default main → lunch + dinner
corpus-titled-drop-sugar-cookies,Drop Sugar Cookies,dessert,dessert
corpus-titled-cauliflower-casserole,Cauliflower Casserole,"dinner,lunch",default main → lunch + dinner
corpus-titled-s-mores,S'Mores,"dinner,lunch",default main → lunch + dinner
corpus-titled-beet-pickles,Beet Pickles,"dinner,lunch",default main → lunch + dinner
corpus-titled-chicken-fricassee,Chicken Fricassee,"dinner,lunch",default main → lunch + dinner
corpus-titled-green-tomato-pie,Green Tomato Pie,dessert,dessert
corpus-titled-blackberry-jam-cake,Blackberry Jam Cake,dessert,dessert
corpus-titled-cherry-pudding,Cherry Pudding,dessert,dessert
corpus-titled-enchilada-sauce,Enchilada Sauce,"dinner,lunch",default main → lunch + dinner
corpus-titled-yogurt-pie,Yogurt Pie,dessert,dessert
corpus-titled-sausage-dip,Sausage Dip,"dinner,lunch",default main → lunch + dinner
corpus-titled-never-fail-fudge,Never Fail Fudge,dessert,dessert
corpus-titled-lace-cookies,Lace Cookies,dessert,dessert
corpus-titled-fried-corn,Fried Corn,"dinner,lunch",default main → lunch + dinner
corpus-titled-apple-pudding,Apple Pudding,dessert,dessert
corpus-titled-chocolate-cupcakes,Chocolate Cupcakes,dessert,dessert
corpus-titled-banana-oatmeal-cookies,Banana Oatmeal Cookies,dessert,dessert
corpus-titled-icing,Icing,"dinner,lunch",default main → lunch + dinner
corpus-titled-potato-rolls,Potato Rolls,"dinner,lunch",default main → lunch + dinner
corpus-titled-pimento-cheese-spread,Pimento Cheese Spread,"dinner,lunch",default main → lunch + dinner
corpus-titled-pork-roast,Pork Roast,"dinner,lunch",default main → lunch + dinner
corpus-titled-bagels,Bagels,"dinner,lunch",default main → lunch + dinner
corpus-titled-cranberry-mold,Cranberry Mold,"dinner,lunch",default main → lunch + dinner
corpus-titled-vidalia-onion-pie,Vidalia Onion Pie,dessert,dessert
corpus-titled-molasses-cake,Molasses Cake,dessert,dessert
corpus-titled-cucumber-pickles,Cucumber Pickles,"dinner,lunch",default main → lunch + dinner
corpus-titled-greek-pasta-salad,Greek Pasta Salad,"dinner,lunch",default main → lunch + dinner
corpus-titled-fruitcake-cookies,Fruitcake Cookies,dessert,dessert
corpus-titled-chocolate-chip-muffins,Chocolate Chip Muffins,"dinner,lunch",default main → lunch + dinner
corpus-titled-sourdough-biscuits,Sourdough Biscuits,"dinner,lunch",default main → lunch + dinner
corpus-titled-pickled-peaches,Pickled Peaches,"dinner,lunch",default main → lunch + dinner
corpus-titled-poor-man-s-steak,Poor Man'S Steak,"dinner,lunch",default main → lunch + dinner
corpus-titled-porcupine-balls,Porcupine Balls,"dinner,lunch",default main → lunch + dinner
corpus-titled-broccoli-souffle,Broccoli Souffle,"dinner,lunch",default main → lunch + dinner
corpus-titled-chicken-dijon,Chicken Dijon,"dinner,lunch",default main → lunch + dinner
corpus-titled-butterscotch-sauce,Butterscotch Sauce,"dinner,lunch",default main → lunch + dinner
corpus-titled-cinnamon-buns,Cinnamon Buns,"dinner,lunch",default main → lunch + dinner
corpus-titled-rice-krispies-treats,Rice Krispies Treats,"dinner,lunch",default main → lunch + dinner
corpus-titled-fruit-salad-dressing,Fruit Salad Dressing,"dinner,lunch",default main → lunch + dinner
corpus-titled-candy-cane-cookies,Candy Cane Cookies,dessert,dessert
corpus-titled-caramel-cake,Caramel Cake,dessert,dessert
corpus-titled-pumpkin-pancakes,Pumpkin Pancakes,breakfast,breakfast
corpus-titled-creamy-chicken-enchiladas,Creamy Chicken Enchiladas,"dinner,lunch",default main → lunch + dinner
corpus-titled-black-beans-and-rice,Black Beans And Rice,"dinner,lunch",default main → lunch + dinner
corpus-titled-spice-tea,Spice Tea,"dinner,lunch",default main → lunch + dinner
corpus-titled-no-bake-chocolate-cookies,No Bake Chocolate Cookies,dessert,dessert
corpus-titled-oven-fried-potatoes,Oven Fried Potatoes,"dinner,lunch",default main → lunch + dinner
corpus-titled-layered-taco-dip,Layered Taco Dip,"dinner,lunch",default main → lunch + dinner
corpus-titled-sour-cream-coconut-cake,Sour Cream Coconut Cake,dessert,dessert
corpus-titled-cherry-cake,Cherry Cake,dessert,dessert
corpus-titled-zucchini-lasagna,Zucchini Lasagna,"dinner,lunch",default main → lunch + dinner
corpus-titled-pineapple-pound-cake,Pineapple Pound Cake,dessert,dessert
corpus-titled-chewy-chocolate-cookies,Chewy Chocolate Cookies,dessert,dessert
corpus-titled-rhubarb-bread,Rhubarb Bread,"dinner,lunch",default main → lunch + dinner
corpus-titled-english-pea-salad,English Pea Salad,"dinner,lunch",default main → lunch + dinner
corpus-titled-pecan-balls,Pecan Balls,"dinner,lunch",default main → lunch + dinner
corpus-titled-raspberry-salad,Raspberry Salad,"dinner,lunch",default main → lunch + dinner
corpus-titled-snack-mix,Snack Mix,snack,strict snack
corpus-titled-pesto-sauce,Pesto Sauce,"dinner,lunch",default main → lunch + dinner
corpus-titled-cream-of-tomato-soup,Cream Of Tomato Soup,"dinner,lunch",default main → lunch + dinner
corpus-titled-brownie-pie,Brownie Pie,dessert,dessert
corpus-titled-zucchini-muffins,Zucchini Muffins,"dinner,lunch",default main → lunch + dinner
corpus-titled-reuben-dip,Reuben Dip,"dinner,lunch",default main → lunch + dinner
corpus-titled-chili-rellenos,Chili Rellenos,"dinner,lunch",default main → lunch + dinner
corpus-titled-chicken-lasagna,Chicken Lasagna,"dinner,lunch",default main → lunch + dinner
corpus-titled-stuffed-potatoes,Stuffed Potatoes,"dinner,lunch",default main → lunch + dinner
corpus-titled-chocolate-peanut-butter-pie,Chocolate Peanut Butter Pie,dessert,dessert
corpus-titled-cream-cheese-cake,Cream Cheese Cake,dessert,dessert
corpus-titled-pumpkin-cake-roll,Pumpkin Cake Roll,dessert,dessert
corpus-titled-party-meatballs,Party Meatballs,"dinner,lunch",default main → lunch + dinner
corpus-titled-seven-up-cake,Seven-Up Cake,dessert,dessert
corpus-titled-porcupines,Porcupines,"dinner,lunch",default main → lunch + dinner
corpus-titled-mustard-sauce,Mustard Sauce,"dinner,lunch",default main → lunch + dinner
corpus-titled-margarita,Margarita,snack,drink → snack
corpus-titled-scottish-shortbread,Scottish Shortbread,"dinner,lunch",default main → lunch + dinner
corpus-titled-london-broil,London Broil,"dinner,lunch",default main → lunch + dinner
corpus-titled-taco-pizza,Taco Pizza,"dinner,lunch",default main → lunch + dinner
corpus-titled-potato-cakes,Potato Cakes,dessert,dessert
corpus-titled-peanut-butter-bread,Peanut Butter Bread,"dinner,lunch",default main → lunch + dinner
corpus-titled-golden-punch,Golden Punch,"dinner,lunch",default main → lunch + dinner
corpus-titled-chicken-teriyaki,Chicken Teriyaki,"dinner,lunch",default main → lunch + dinner
corpus-titled-italian-vegetable-soup,Italian Vegetable Soup,"dinner,lunch",default main → lunch + dinner
corpus-titled-lemon-pudding-cake,Lemon Pudding Cake,dessert,dessert
corpus-titled-pretzels,Pretzels,snack,strict snack
corpus-titled-sad-cake,Sad Cake,dessert,dessert
corpus-titled-chow-mein,Chow Mein,"dinner,lunch",default main → lunch + dinner
corpus-titled-yeast-bread,Yeast Bread,"dinner,lunch",default main → lunch + dinner
corpus-titled-fruitcake,Fruitcake,"dinner,lunch",default main → lunch + dinner
corpus-titled-chinese-fried-rice,Chinese Fried Rice,"dinner,lunch",default main → lunch + dinner
corpus-titled-pinwheels,Pinwheels,"dinner,lunch",default main → lunch + dinner
corpus-titled-green-tomato-pickles,Green Tomato Pickles,"dinner,lunch",default main → lunch + dinner
corpus-titled-spiced-tea-mix,Spiced Tea Mix,"dinner,lunch",default main → lunch + dinner
corpus-titled-popsicles,Popsicles,"dinner,lunch",default main → lunch + dinner
corpus-titled-potato-dumplings,Potato Dumplings,"dinner,lunch",default main → lunch + dinner
corpus-titled-candied-pecans,Candied Pecans,"dinner,lunch",default main → lunch + dinner
corpus-titled-cheese-danish,Cheese Danish,breakfast,breakfast
corpus-titled-s-meat-loaf,S Meat Loaf,"dinner,lunch",default main → lunch + dinner
corpus-titled-italian-spaghetti-sauce,Italian Spaghetti Sauce,"dinner,lunch",default main → lunch + dinner
corpus-titled-cocoa-mix,Cocoa Mix,"dinner,lunch",default main → lunch + dinner
corpus-titled-pumpkin-chocolate-chip-cookies,Pumpkin Chocolate Chip Cookies,dessert,dessert
corpus-titled-fudge-sauce,Fudge Sauce,dessert,dessert
corpus-titled-stuffed-baked-potatoes,Stuffed Baked Potatoes,"dinner,lunch",default main → lunch + dinner
corpus-titled-oreo-cookie-cake,Oreo Cookie Cake,dessert,dessert
corpus-titled-potato-latkes,Potato Latkes,"dinner,lunch",default main → lunch + dinner
corpus-titled-blondies,Blondies,"dinner,lunch",default main → lunch + dinner
corpus-titled-hobo-dinner,Hobo Dinner,"dinner,lunch",default main → lunch + dinner
corpus-titled-salami,Salami,"dinner,lunch",default main → lunch + dinner
corpus-titled-veggie-dip,Veggie Dip,"dinner,lunch",default main → lunch + dinner
corpus-titled-orange-delight,Orange Delight,"dinner,lunch",default main → lunch + dinner
corpus-titled-impossible-quiche,Impossible Quiche,"dinner,lunch",default main → lunch + dinner
corpus-titled-coconut-balls,Coconut Balls,"dinner,lunch",default main → lunch + dinner
corpus-titled-ham-salad,Ham Salad,"dinner,lunch",default main → lunch + dinner
corpus-titled-sour-cream-biscuits,Sour Cream Biscuits,"dinner,lunch",default main → lunch + dinner
corpus-titled-sauerkraut-balls,Sauerkraut Balls,"dinner,lunch",default main → lunch + dinner
corpus-titled-fruit-slush,Fruit Slush,"dinner,lunch",default main → lunch + dinner
corpus-titled-baked-potatoes,Baked Potatoes,"dinner,lunch",default main → lunch + dinner
corpus-titled-sandwich-spread,Sandwich Spread,"dinner,lunch",default main → lunch + dinner
corpus-titled-mexican-wedding-cakes,Mexican Wedding Cakes,dessert,dessert
corpus-titled-sausage-breakfast-casserole,Sausage Breakfast Casserole,breakfast,breakfast
corpus-titled-oatmeal-crispies,Oatmeal Crispies,breakfast,breakfast
corpus-titled-crab-bisque,Crab Bisque,"dinner,lunch",default main → lunch + dinner
corpus-titled-french-toast-casserole,French Toast Casserole,breakfast,breakfast
corpus-titled-yum-yum-salad,Yum Yum Salad,"dinner,lunch",default main → lunch + dinner
corpus-titled-s-pound-cake,S Pound Cake,dessert,dessert
corpus-titled-mincemeat,Mincemeat,"dinner,lunch",default main → lunch + dinner
corpus-titled-zucchini-cookies,Zucchini Cookies,dessert,dessert
corpus-titled-hot-cocoa,Hot Cocoa,snack,drink → snack
corpus-titled-mud-pie,Mud Pie,dessert,dessert
corpus-titled-chili-mac,Chili Mac,"dinner,lunch",default main → lunch + dinner
corpus-titled-onion-roasted-potatoes,Onion Roasted Potatoes,"dinner,lunch",default main → lunch + dinner
corpus-titled-friendship-cake,Friendship Cake,dessert,dessert
corpus-titled-pineapple-sheet-cake,Pineapple Sheet Cake,dessert,dessert
corpus-titled-hot-clam-dip,Hot Clam Dip,"dinner,lunch",default main → lunch + dinner
corpus-titled-cherry-chocolate-cake,Cherry Chocolate Cake,dessert,dessert
corpus-titled-mandarin-salad,Mandarin Salad,"dinner,lunch",default main → lunch + dinner
corpus-titled-green-enchiladas,Green Enchiladas,"dinner,lunch",default main → lunch + dinner
corpus-titled-cream-pie,Cream Pie,dessert,dessert
corpus-titled-frozen-peanut-butter-pie,Frozen Peanut Butter Pie,dessert,dessert
corpus-titled-turkey-meatballs,Turkey Meatballs,"dinner,lunch",default main → lunch + dinner
corpus-titled-baked-tomatoes,Baked Tomatoes,"dinner,lunch",default main → lunch + dinner
corpus-titled-divinity-fudge,Divinity Fudge,dessert,dessert
corpus-titled-salmon-casserole,Salmon Casserole,"dinner,lunch",default main → lunch + dinner
corpus-titled-one-dish-meal,One Dish Meal,"dinner,lunch",default main → lunch + dinner
corpus-titled-shrimp-ball,Shrimp Ball,"dinner,lunch",default main → lunch + dinner
corpus-titled-pot-pie,Pot Pie,"dinner,lunch",default main → lunch + dinner
corpus-titled-dried-beef-cheese-ball,Dried Beef Cheese Ball,"dinner,lunch",default main → lunch + dinner
corpus-titled-ham-and-potato-casserole,Ham And Potato Casserole,"dinner,lunch",default main → lunch + dinner
corpus-titled-kahlua-cake,Kahlua Cake,dessert,dessert
corpus-titled-coconut-cream-cake,Coconut Cream Cake,dessert,dessert
corpus-titled-orange-slice-cookies,Orange Slice Cookies,dessert,dessert
corpus-titled-strawberry-pudding,Strawberry Pudding,dessert,dessert
corpus-titled-cheesy-scalloped-potatoes,Cheesy Scalloped Potatoes,"dinner,lunch",default main → lunch + dinner
corpus-titled-shortcake,Shortcake,"dinner,lunch",default main → lunch + dinner
corpus-titled-rice-dressing,Rice Dressing,"dinner,lunch",default main → lunch + dinner
corpus-titled-molasses-crinkles,Molasses Crinkles,"dinner,lunch",default main → lunch + dinner
corpus-titled-italian-casserole,Italian Casserole,"dinner,lunch",default main → lunch + dinner
corpus-titled-buttermilk-coconut-pie,Buttermilk Coconut Pie,dessert,dessert
corpus-titled-scalloped-cabbage,Scalloped Cabbage,"dinner,lunch",default main → lunch + dinner
corpus-titled-frozen-strawberry-salad,Frozen Strawberry Salad,"dinner,lunch",default main → lunch + dinner
corpus-titled-stuffed-eggplant,Stuffed Eggplant,"dinner,lunch",default main → lunch + dinner
corpus-titled-chicken-marinade,Chicken Marinade,"dinner,lunch",default main → lunch + dinner
corpus-titled-oreo-dessert,Oreo Dessert,dessert,dessert
corpus-titled-crescent-rolls,Crescent Rolls,"dinner,lunch",default main → lunch + dinner
corpus-titled-baked-caramel-corn,Baked Caramel Corn,"dinner,lunch",default main → lunch + dinner
corpus-titled-layered-mexican-dip,Layered Mexican Dip,"dinner,lunch",default main → lunch + dinner
corpus-titled-couscous-salad,Couscous Salad,"dinner,lunch",default main → lunch + dinner
corpus-titled-navy-bean-soup,Navy Bean Soup,"dinner,lunch",default main → lunch + dinner
corpus-titled-chicken-with-rice,Chicken With Rice,"dinner,lunch",default main → lunch + dinner
corpus-titled-pavlova,Pavlova,dessert,dessert
corpus-titled-gravy,Gravy,"dinner,lunch",default main → lunch + dinner
corpus-titled-diabetic-cake,Diabetic Cake,dessert,dessert
corpus-titled-mexican-wedding-cake,Mexican Wedding Cake,dessert,dessert
corpus-titled-sherbet-punch,Sherbet Punch,"dinner,lunch",default main → lunch + dinner
corpus-titled-cream-cheese-bars,Cream Cheese Bars,"dinner,lunch",default main → lunch + dinner
corpus-titled-apple-dessert,Apple Dessert,dessert,dessert
corpus-titled-scalloped-chicken,Scalloped Chicken,"dinner,lunch",default main → lunch + dinner
corpus-titled-chocolate-dessert,Chocolate Dessert,dessert,dessert
corpus-titled-cocktail-wieners,Cocktail Wieners,"dinner,lunch",default main → lunch + dinner
corpus-titled-no-bake-fruit-cake,No Bake Fruit Cake,dessert,dessert
corpus-titled-sawdust-salad,Sawdust Salad,"dinner,lunch",default main → lunch + dinner
corpus-titled-red-rice,Red Rice,"dinner,lunch",default main → lunch + dinner
corpus-titled-mississippi-mud,Mississippi Mud,"dinner,lunch",default main → lunch + dinner
corpus-titled-pizza-bread,Pizza Bread,"dinner,lunch",default main → lunch + dinner
corpus-titled-potato-skins,Potato Skins,"dinner,lunch",default main → lunch + dinner
corpus-titled-english-muffin-bread,English Muffin Bread,breakfast,breakfast
corpus-titled-chinese-chicken,Chinese Chicken,"dinner,lunch",default main → lunch + dinner
corpus-titled-flourless-chocolate-cake,Flourless Chocolate Cake,dessert,dessert
corpus-titled-lemon-fluff,Lemon Fluff,"dinner,lunch",default main → lunch + dinner
corpus-titled-cornflake-cookies,Cornflake Cookies,dessert,dessert
corpus-titled-snack-crackers,Snack Crackers,snack,strict snack
corpus-titled-beef-vegetable-soup,Beef Vegetable Soup,"dinner,lunch",default main → lunch + dinner
corpus-titled-lemon-chiffon-pie,Lemon Chiffon Pie,dessert,dessert
corpus-titled-porcupine-meat-balls,Porcupine Meat Balls,"dinner,lunch",default main → lunch + dinner
corpus-titled-seafood-pasta-salad,Seafood Pasta Salad,"dinner,lunch",default main → lunch + dinner
corpus-titled-chicken-dressing-casserole,Chicken Dressing Casserole,"dinner,lunch",default main → lunch + dinner
corpus-titled-strawberry-congealed-salad,Strawberry Congealed Salad,"dinner,lunch",default main → lunch + dinner
corpus-titled-chicken-rotel,Chicken Rotel,"dinner,lunch",default main → lunch + dinner
corpus-titled-amish-sugar-cookies,Amish Sugar Cookies,dessert,dessert
corpus-titled-crabbies,Crabbies,"dinner,lunch",default main → lunch + dinner
corpus-titled-velveeta-fudge,Velveeta Fudge,dessert,dessert
corpus-titled-rhubarb-cream-pie,Rhubarb Cream Pie,dessert,dessert
corpus-titled-shipwreck,Shipwreck,"dinner,lunch",default main → lunch + dinner
corpus-titled-shrimp-butter,Shrimp Butter,"dinner,lunch",default main → lunch + dinner
corpus-titled-colcannon,Colcannon,"dinner,lunch",default main → lunch + dinner
corpus-titled-stuffed-artichokes,Stuffed Artichokes,"dinner,lunch",default main → lunch + dinner
corpus-titled-cowboy-stew,Cowboy Stew,"dinner,lunch",default main → lunch + dinner
corpus-titled-sauteed-mushrooms,Sauteed Mushrooms,"dinner,lunch",default main → lunch + dinner
corpus-titled-scotch-eggs,Scotch Eggs,"dinner,lunch",default main → lunch + dinner
corpus-titled-mushroom-sauce,Mushroom Sauce,"dinner,lunch",default main → lunch + dinner
corpus-titled-pink-stuff,Pink Stuff,"dinner,lunch",default main → lunch + dinner
corpus-titled-four-bean-salad,Four Bean Salad,"dinner,lunch",default main → lunch + dinner
corpus-titled-chicken-and-spaghetti,Chicken And Spaghetti,"dinner,lunch",default main → lunch + dinner
corpus-titled-snowball-cookies,Snowball Cookies,dessert,dessert
corpus-titled-snickerdoodle-cookies,Snickerdoodle Cookies,dessert,dessert
corpus-titled-stir-fry,Stir-Fry,"dinner,lunch",default main → lunch + dinner
corpus-titled-orange-sherbet-salad,Orange Sherbet Salad,"dinner,lunch",default main → lunch + dinner
corpus-titled-refrigerator-cookies,Refrigerator Cookies,dessert,dessert
corpus-titled-crab-soup,Crab Soup,"dinner,lunch",default main → lunch + dinner
corpus-titled-buttercream-icing,Buttercream Icing,"dinner,lunch",default main → lunch + dinner
corpus-titled-million-dollar-pound-cake,Million Dollar Pound Cake,dessert,dessert
corpus-titled-marinated-chicken-wings,Marinated Chicken Wings,"dinner,lunch",default main → lunch + dinner
corpus-titled-hot-chicken-salad-casserole,Hot Chicken Salad Casserole,"dinner,lunch",default main → lunch + dinner
corpus-titled-hamburger-quiche,Hamburger Quiche,"dinner,lunch",default main → lunch + dinner
corpus-titled-chocolate-chip-banana-bread,Chocolate Chip Banana Bread,"dinner,lunch",default main → lunch + dinner
corpus-titled-peanut-butter-oatmeal-cookies,Peanut Butter Oatmeal Cookies,dessert,dessert
corpus-titled-syrup,Syrup,"dinner,lunch",default main → lunch + dinner
corpus-titled-banana-salad,Banana Salad,"dinner,lunch",default main → lunch + dinner
corpus-titled-mincemeat-cookies,Mincemeat Cookies,dessert,dessert
corpus-titled-double-chocolate-brownies,Double Chocolate Brownies,dessert,dessert
corpus-titled-creamy-potato-salad,Creamy Potato Salad,"dinner,lunch",default main → lunch + dinner
corpus-titled-sour-cream-potatoes,Sour Cream Potatoes,"dinner,lunch",default main → lunch + dinner
corpus-titled-barbecued-pork-chops,Barbecued Pork Chops,"dinner,lunch",default main → lunch + dinner
corpus-titled-s-tea-cakes,S Tea Cakes,dessert,dessert
corpus-titled-angel-pie,Angel Pie,dessert,dessert
corpus-titled-raspberry-sauce,Raspberry Sauce,"dinner,lunch",default main → lunch + dinner
corpus-titled-layer-salad,Layer Salad,"dinner,lunch",default main → lunch + dinner
corpus-titled-strawberry-rhubarb-pie,Strawberry Rhubarb Pie,dessert,dessert
corpus-titled-chocolate-pizza,Chocolate Pizza,"dinner,lunch",default main → lunch + dinner
corpus-titled-blueberry-cheesecake,Blueberry Cheesecake,dessert,dessert
corpus-titled-special-k-bars,Special K Bars,"dinner,lunch",default main → lunch + dinner
corpus-titled-indian-fry-bread,Indian Fry Bread,"dinner,lunch",default main → lunch + dinner
corpus-titled-chicken-divine,Chicken Divine,"dinner,lunch",default main → lunch + dinner
corpus-titled-baked-corn-casserole,Baked Corn Casserole,"dinner,lunch",default main → lunch + dinner
corpus-titled-fresh-peach-cobbler,Fresh Peach Cobbler,dessert,dessert
corpus-titled-skillet-lasagna,Skillet Lasagna,"dinner,lunch",default main → lunch + dinner
corpus-titled-eggs-benedict,Eggs Benedict,"breakfast,lunch",brunch → breakfast + lunch
corpus-titled-chicken-fried-steak,Chicken Fried Steak,"dinner,lunch",default main → lunch + dinner
corpus-titled-zucchini-squares,Zucchini Squares,"dinner,lunch",default main → lunch + dinner
corpus-titled-polenta,Polenta,"dinner,lunch",default main → lunch + dinner
corpus-titled-shoe-peg-corn-casserole,Shoe Peg Corn Casserole,"dinner,lunch",default main → lunch + dinner
corpus-titled-maryland-crab-cakes,Maryland Crab Cakes,dessert,dessert
corpus-titled-pineapple-chicken,Pineapple Chicken,"dinner,lunch",default main → lunch + dinner
corpus-titled-noodle-casserole,Noodle Casserole,"dinner,lunch",default main → lunch + dinner
corpus-titled-steak-diane,Steak Diane,"dinner,lunch",default main → lunch + dinner
corpus-titled-salmon-spread,Salmon Spread,"dinner,lunch",default main → lunch + dinner
corpus-titled-potato-leek-soup,Potato Leek Soup,"dinner,lunch",default main → lunch + dinner
corpus-titled-barbecue-cups,Barbecue Cups,"dinner,lunch",default main → lunch + dinner
corpus-titled-onion-dip,Onion Dip,"dinner,lunch",default main → lunch + dinner
corpus-titled-welsh-rarebit,Welsh Rarebit,"dinner,lunch",default main → lunch + dinner
corpus-titled-pineapple-coconut-pie,Pineapple Coconut Pie,dessert,dessert
corpus-titled-strawberry-nut-salad,Strawberry Nut Salad,"dinner,lunch",default main → lunch + dinner
corpus-titled-marinated-shrimp,Marinated Shrimp,"dinner,lunch",default main → lunch + dinner
corpus-titled-shoo-fly-cake,Shoo-Fly Cake,dessert,dessert
corpus-titled-corned-beef-hash,Corned Beef Hash,"dinner,lunch",default main → lunch + dinner
corpus-titled-shrimp-mousse,Shrimp Mousse,dessert,dessert
corpus-titled-spiced-peaches,Spiced Peaches,"dinner,lunch",default main → lunch + dinner
corpus-titled-shrimp-cocktail,Shrimp Cocktail,"dinner,lunch",default main → lunch + dinner
corpus-titled-brown-sugar-pie,Brown Sugar Pie,dessert,dessert
corpus-titled-shrimp-curry,Shrimp Curry,"dinner,lunch",default main → lunch + dinner
corpus-titled-ham-delights,Ham Delights,"dinner,lunch",default main → lunch + dinner
corpus-titled-french-fried-onion-rings,French Fried Onion Rings,"dinner,lunch",default main → lunch + dinner
corpus-titled-string-bean-casserole,String Bean Casserole,"dinner,lunch",default main → lunch + dinner
corpus-titled-chicken-liver-pate,Chicken Liver Pate,"dinner,lunch",default main → lunch + dinner
corpus-titled-indian-pudding,Indian Pudding,dessert,dessert
corpus-titled-wild-rice-salad,Wild Rice Salad,"dinner,lunch",default main → lunch + dinner
corpus-titled-royal-icing,Royal Icing,"dinner,lunch",default main → lunch + dinner
corpus-titled-marinade,Marinade,"dinner,lunch",default main → lunch + dinner
corpus-titled-glazed-pecans,Glazed Pecans,"dinner,lunch",default main → lunch + dinner
corpus-titled-banana-pancakes,Banana Pancakes,breakfast,breakfast
corpus-titled-broccoli-slaw,Broccoli Slaw,"dinner,lunch",default main → lunch + dinner
corpus-titled-chex-party-mix,Chex Party Mix,"dinner,lunch",default main → lunch + dinner
corpus-titled-chicken-vegetable-soup,Chicken Vegetable Soup,"dinner,lunch",default main → lunch + dinner
corpus-titled-apple-pound-cake,Apple Pound Cake,dessert,dessert
corpus-titled-busy-day-casserole,Busy Day Casserole,"dinner,lunch",default main → lunch + dinner
corpus-titled-pumpkin-pudding,Pumpkin Pudding,dessert,dessert
corpus-titled-biscotti,Biscotti,dessert,dessert
corpus-titled-whipping-cream-pound-cake,Whipping Cream Pound Cake,dessert,dessert
corpus-titled-caramel-apple-salad,Caramel Apple Salad,"dinner,lunch",default main → lunch + dinner
corpus-titled-seven-minute-frosting,Seven Minute Frosting,"dinner,lunch",default main → lunch + dinner
corpus-titled-crabmeat-casserole,Crabmeat Casserole,"dinner,lunch",default main → lunch + dinner
corpus-titled-chicken-continental,Chicken Continental,"dinner,lunch",default main → lunch + dinner
corpus-titled-pizza-hot-dish,Pizza Hot Dish,"dinner,lunch",default main → lunch + dinner
corpus-titled-pumpkin-pie-squares,Pumpkin Pie Squares,dessert,dessert
corpus-titled-apricot-jello-salad,Apricot Jello Salad,"dinner,lunch",default main → lunch + dinner
corpus-titled-banana-ice-cream,Banana Ice Cream,dessert,dessert
corpus-titled-taco-seasoning,Taco Seasoning,"dinner,lunch",default main → lunch + dinner
corpus-titled-creamy-coleslaw,Creamy Coleslaw,"dinner,lunch",default main → lunch + dinner
corpus-titled-linguine-salad,Linguine Salad,"dinner,lunch",default main → lunch + dinner
corpus-titled-mostaccioli,Mostaccioli,"dinner,lunch",default main → lunch + dinner
corpus-titled-fig-cake,Fig Cake,dessert,dessert
corpus-titled-s-potato-salad,S Potato Salad,"dinner,lunch",default main → lunch + dinner
corpus-titled-corn-dip,Corn Dip,"dinner,lunch",default main → lunch + dinner
corpus-titled-sugar-free-apple-pie,Sugar-Free Apple Pie,dessert,dessert
corpus-titled-curry-chicken,Curry Chicken,"dinner,lunch",default main → lunch + dinner
corpus-titled-sour-cream-potato-salad,Sour Cream Potato Salad,"dinner,lunch",default main → lunch + dinner
corpus-titled-broccoli-and-chicken-casserole,Broccoli And Chicken Casserole,"dinner,lunch",default main → lunch + dinner
corpus-titled-honey-mustard-dressing,Honey Mustard Dressing,"dinner,lunch",default main → lunch + dinner
corpus-titled-chicken-pasta-salad,Chicken Pasta Salad,"dinner,lunch",default main → lunch + dinner
corpus-titled-orange-cookies,Orange Cookies,dessert,dessert
corpus-titled-tortilla-pinwheels,Tortilla Pinwheels,"dinner,lunch",default main → lunch + dinner
corpus-titled-avocado-salad,Avocado Salad,"dinner,lunch",default main → lunch + dinner
corpus-titled-bread-sticks,Bread Sticks,"dinner,lunch",default main → lunch + dinner
corpus-titled-strawberry-preserves,Strawberry Preserves,"dinner,lunch",default main → lunch + dinner
corpus-titled-apricot-bread,Apricot Bread,"dinner,lunch",default main → lunch + dinner
corpus-titled-crab-stuffed-mushrooms,Crab Stuffed Mushrooms,"dinner,lunch",default main → lunch + dinner
corpus-titled-lamb-stew,Lamb Stew,"dinner,lunch",default main → lunch + dinner
corpus-titled-rumaki,Rumaki,"dinner,lunch",default main → lunch + dinner
corpus-titled-zucchini-bars,Zucchini Bars,"dinner,lunch",default main → lunch + dinner
corpus-titled-cinnamon-coffee-cake,Cinnamon Coffee Cake,dessert,dessert
corpus-titled-noodle-kugel,Noodle Kugel,"dinner,lunch",default main → lunch + dinner
corpus-titled-baked-eggplant,Baked Eggplant,"dinner,lunch",default main → lunch + dinner
corpus-titled-vegetable-stock,Vegetable Stock,"dinner,lunch",default main → lunch + dinner
corpus-titled-cranberry-tea,Cranberry Tea,"dinner,lunch",default main → lunch + dinner
corpus-titled-pea-soup,Pea Soup,"dinner,lunch",default main → lunch + dinner
corpus-titled-apple-brown-betty,Apple Brown Betty,"dinner,lunch",default main → lunch + dinner
corpus-titled-blueberry-sauce,Blueberry Sauce,"dinner,lunch",default main → lunch + dinner
corpus-titled-oven-caramel-corn,Oven Caramel Corn,"dinner,lunch",default main → lunch + dinner
corpus-titled-ribbon-salad,Ribbon Salad,"dinner,lunch",default main → lunch + dinner
corpus-titled-peaches-and-cream-pie,Peaches And Cream Pie,dessert,dessert
corpus-titled-sock-it-to-me-cake,Sock It To Me Cake,dessert,dessert
corpus-titled-no-fail-pie-crust,No Fail Pie Crust,dessert,dessert
corpus-titled-salad-dressing-cake,Salad Dressing Cake,dessert,dessert
corpus-titled-cheese-garlic-biscuits,Cheese Garlic Biscuits,"dinner,lunch",default main → lunch + dinner
corpus-titled-oriental-chicken,Oriental Chicken,"dinner,lunch",default main → lunch + dinner
corpus-titled-zucchini-pickles,Zucchini Pickles,"dinner,lunch",default main → lunch + dinner
corpus-titled-wilted-lettuce,Wilted Lettuce,"dinner,lunch",default main → lunch + dinner
corpus-titled-chip-dip,Chip Dip,"dinner,lunch",default main → lunch + dinner
corpus-titled-cherry-crisp,Cherry Crisp,"dinner,lunch",default main → lunch + dinner
corpus-titled-kidney-bean-salad,Kidney Bean Salad,"dinner,lunch",default main → lunch + dinner
corpus-titled-mexican-dish,Mexican Dish,"dinner,lunch",default main → lunch + dinner
corpus-titled-tuna-macaroni-salad,Tuna Macaroni Salad,"dinner,lunch",default main → lunch + dinner
corpus-titled-sweet-rolls,Sweet Rolls,"dinner,lunch",default main → lunch + dinner
corpus-titled-barbecued-beef,Barbecued Beef,"dinner,lunch",default main → lunch + dinner
corpus-titled-chili-soup,Chili Soup,"dinner,lunch",default main → lunch + dinner
corpus-titled-german-pancakes,German Pancakes,breakfast,breakfast
corpus-titled-sugared-pecans,Sugared Pecans,"dinner,lunch",default main → lunch + dinner
corpus-titled-curried-chicken,Curried Chicken,"dinner,lunch",default main → lunch + dinner
corpus-titled-balsamic-vinaigrette,Balsamic Vinaigrette,"dinner,lunch",default main → lunch + dinner
corpus-titled-fruit-bars,Fruit Bars,"dinner,lunch",default main → lunch + dinner
corpus-titled-rocky-road-fudge,Rocky Road Fudge,dessert,dessert
corpus-titled-japanese-fruit-cake,Japanese Fruit Cake,dessert,dessert
corpus-titled-cherry-coke-salad,Cherry Coke Salad,"dinner,lunch",default main → lunch + dinner
corpus-titled-drop-biscuits,Drop Biscuits,"dinner,lunch",default main → lunch + dinner
corpus-titled-coke-salad,Coke Salad,"dinner,lunch",default main → lunch + dinner
corpus-titled-succotash,Succotash,"dinner,lunch",default main → lunch + dinner
corpus-titled-blueberry-pancakes,Blueberry Pancakes,breakfast,breakfast
corpus-titled-turkey-salad,Turkey Salad,"dinner,lunch",default main → lunch + dinner
corpus-titled-cinnamon-bread,Cinnamon Bread,"dinner,lunch",default main → lunch + dinner
corpus-titled-zucchini-patties,Zucchini Patties,"dinner,lunch",default main → lunch + dinner
corpus-titled-bonbons,Bonbons,"dinner,lunch",default main → lunch + dinner
corpus-titled-fresh-fruit-salad,Fresh Fruit Salad,"dinner,lunch",default main → lunch + dinner
corpus-titled-dream-bars,Dream Bars,"dinner,lunch",default main → lunch + dinner
corpus-titled-graham-cracker-crust,Graham Cracker Crust,"dinner,lunch",default main → lunch + dinner
corpus-titled-peanut-butter-frosting,Peanut Butter Frosting,"dinner,lunch",default main → lunch + dinner
corpus-titled-hash-browns,Hash Browns,breakfast,breakfast
corpus-titled-cream-cheese-dip,Cream Cheese Dip,"dinner,lunch",default main → lunch + dinner
corpus-titled-potato-wedges,Potato Wedges,"dinner,lunch",default main → lunch + dinner
corpus-titled-nacho-cheese-dip,Nacho Cheese Dip,"dinner,lunch",default main → lunch + dinner
corpus-titled-strawberry-cream-pie,Strawberry Cream Pie,dessert,dessert
corpus-titled-grilled-chicken,Grilled Chicken,"dinner,lunch",default main → lunch + dinner
corpus-titled-cherry-winks,Cherry Winks,"dinner,lunch",default main → lunch + dinner
corpus-titled-zucchini-parmesan,Zucchini Parmesan,"dinner,lunch",default main → lunch + dinner
corpus-titled-zucchini-appetizer,Zucchini Appetizer,"dinner,lunch",default main → lunch + dinner
corpus-titled-tuna-patties,Tuna Patties,"dinner,lunch",default main → lunch + dinner
corpus-titled-oyster-dressing,Oyster Dressing,"dinner,lunch",default main → lunch + dinner
corpus-titled-corn-flake-cookies,Corn Flake Cookies,dessert,dessert
corpus-titled-turkey-meat-loaf,Turkey Meat Loaf,"dinner,lunch",default main → lunch + dinner
corpus-titled-mediterranean-chicken,Mediterranean Chicken,"dinner,lunch",default main → lunch + dinner
corpus-titled-asian-chicken-salad,Asian Chicken Salad,"dinner,lunch",default main → lunch + dinner
corpus-titled-pinto-beans,Pinto Beans,"dinner,lunch",default main → lunch + dinner
corpus-titled-oyster-cracker-snack,Oyster Cracker Snack,snack,strict snack
corpus-titled-green-bean-bundles,Green Bean Bundles,"dinner,lunch",default main → lunch + dinner
corpus-titled-caramel-dip,Caramel Dip,"dinner,lunch",default main → lunch + dinner
corpus-titled-chocolate-balls,Chocolate Balls,"dinner,lunch",default main → lunch + dinner
corpus-titled-pasta-fagioli,Pasta Fagioli,"dinner,lunch",default main → lunch + dinner
corpus-titled-foolproof-pie-crust,Foolproof Pie Crust,dessert,dessert
corpus-titled-broccoli-puff,Broccoli Puff,"dinner,lunch",default main → lunch + dinner
corpus-titled-gumdrop-cookies,Gumdrop Cookies,dessert,dessert
corpus-titled-tortilla-casserole,Tortilla Casserole,"dinner,lunch",default main → lunch + dinner
corpus-titled-pork-fried-rice,Pork Fried Rice,"dinner,lunch",default main → lunch + dinner
corpus-titled-sour-cream-corn-bread,Sour Cream Corn Bread,"dinner,lunch",default main → lunch + dinner
corpus-titled-oat-bran-muffins,Oat Bran Muffins,"dinner,lunch",default main → lunch + dinner
corpus-titled-creamed-chicken,Creamed Chicken,"dinner,lunch",default main → lunch + dinner
corpus-titled-scotch-shortbread,Scotch Shortbread,"dinner,lunch",default main → lunch + dinner
corpus-titled-dog-biscuits,Dog Biscuits,"dinner,lunch",default main → lunch + dinner
corpus-titled-salmon-burgers,Salmon Burgers,"dinner,lunch",default main → lunch + dinner
corpus-titled-banana-split,Banana Split,"dinner,lunch",default main → lunch + dinner
corpus-titled-beef-tips,Beef Tips,"dinner,lunch",default main → lunch + dinner
corpus-titled-butter-cake,Butter Cake,dessert,dessert
corpus-titled-chocolate-peanut-butter-balls,Chocolate Peanut Butter Balls,"dinner,lunch",default main → lunch + dinner
corpus-titled-cottage-pie,Cottage Pie,"dinner,lunch",default main → lunch + dinner
corpus-titled-gingerbread-men,Gingerbread Men,"dinner,lunch",default main → lunch + dinner
corpus-titled-seven-layer-bars,Seven Layer Bars,"dinner,lunch",default main → lunch + dinner
corpus-titled-breakfast-quiche,Breakfast Quiche,"breakfast,lunch",breakfast; also lunch
corpus-titled-challah,Challah,"dinner,lunch",default main → lunch + dinner
corpus-titled-bread-baking,Bread Baking,"dinner,lunch",default main → lunch + dinner
corpus-titled-raisin-sauce,Raisin Sauce,"dinner,lunch",default main → lunch + dinner
corpus-titled-cheese-ring,Cheese Ring,"dinner,lunch",default main → lunch + dinner
corpus-titled-deer-jerky,Deer Jerky,snack,strict snack
corpus-titled-honey-chicken,Honey Chicken,"dinner,lunch",default main → lunch + dinner
corpus-titled-strawberry-butter,Strawberry Butter,"dinner,lunch",default main → lunch + dinner
corpus-titled-sweet-and-sour-pork-chops,Sweet And Sour Pork Chops,"dinner,lunch",default main → lunch + dinner
corpus-titled-pork-tenderloin,Pork Tenderloin,"dinner,lunch",default main → lunch + dinner
corpus-titled-skillet-cabbage,Skillet Cabbage,"dinner,lunch",default main → lunch + dinner
corpus-titled-chicken-and-stuffing-casserole,Chicken And Stuffing Casserole,"dinner,lunch",default main → lunch + dinner
corpus-titled-cream-of-asparagus-soup,Cream Of Asparagus Soup,"dinner,lunch",default main → lunch + dinner
corpus-titled-baked-salmon,Baked Salmon,"dinner,lunch",default main → lunch + dinner
corpus-titled-peanut-butter-kisses,Peanut Butter Kisses,"dinner,lunch",default main → lunch + dinner
corpus-titled-caponata,Caponata,"dinner,lunch",default main → lunch + dinner
corpus-titled-creamy-broccoli-soup,Creamy Broccoli Soup,"dinner,lunch",default main → lunch + dinner
corpus-titled-chicken-and-wild-rice-casserole,Chicken And Wild Rice Casserole,"dinner,lunch",default main → lunch + dinner
corpus-titled-pecan-bars,Pecan Bars,"dinner,lunch",default main → lunch + dinner
corpus-titled-boston-cream-pie,Boston Cream Pie,dessert,dessert
corpus-titled-dirt-cups,Dirt Cups,"dinner,lunch",default main → lunch + dinner
corpus-titled-tuna-pasta-salad,Tuna Pasta Salad,"dinner,lunch",default main → lunch + dinner
corpus-titled-marinated-cucumbers,Marinated Cucumbers,"dinner,lunch",default main → lunch + dinner
corpus-titled-oven-roasted-potatoes,Oven Roasted Potatoes,"dinner,lunch",default main → lunch + dinner
corpus-titled-raisin-cookies,Raisin Cookies,dessert,dessert
corpus-titled-hash-brown-potatoes,Hash Brown Potatoes,breakfast,breakfast
corpus-titled-ceviche,Ceviche,"dinner,lunch",default main → lunch + dinner
corpus-titled-egg-and-sausage-casserole,Egg And Sausage Casserole,"dinner,lunch",default main → lunch + dinner
corpus-titled-celery-casserole,Celery Casserole,"dinner,lunch",default main → lunch + dinner
corpus-titled-custard,Custard,dessert,dessert
corpus-titled-jello-dessert,Jello Dessert,dessert,dessert
corpus-titled-cheese-cookies,Cheese Cookies,dessert,dessert
corpus-titled-marinated-slaw,Marinated Slaw,"dinner,lunch",default main → lunch + dinner
corpus-titled-smothered-steak,Smothered Steak,"dinner,lunch",default main → lunch + dinner
corpus-titled-soft-chocolate-chip-cookies,Soft Chocolate Chip Cookies,dessert,dessert
corpus-titled-peanut-sauce,Peanut Sauce,"dinner,lunch",default main → lunch + dinner
corpus-titled-vanilla-pudding,Vanilla Pudding,dessert,dessert
corpus-titled-hobo-bread,Hobo Bread,"dinner,lunch",default main → lunch + dinner
corpus-titled-meatball-stew,Meatball Stew,"dinner,lunch",default main → lunch + dinner
corpus-titled-sausage-and-cheese-balls,Sausage And Cheese Balls,"dinner,lunch",default main → lunch + dinner
corpus-titled-beer-cheese-soup,Beer Cheese Soup,"dinner,lunch",default main → lunch + dinner
corpus-titled-seafood-dip,Seafood Dip,"dinner,lunch",default main → lunch + dinner
corpus-titled-finger-paint,Finger Paint,"dinner,lunch",default main → lunch + dinner
corpus-titled-oriental-chicken-salad,Oriental Chicken Salad,"dinner,lunch",default main → lunch + dinner
corpus-titled-hard-candy,Hard Candy,dessert,dessert
corpus-titled-almond-joy-cake,Almond Joy Cake,dessert,dessert
corpus-titled-venison-chili,Venison Chili,"dinner,lunch",default main → lunch + dinner
corpus-titled-chocolate-meringue-pie,Chocolate Meringue Pie,dessert,dessert
corpus-titled-cheese-krispies,Cheese Krispies,"dinner,lunch",default main → lunch + dinner
corpus-titled-blt-dip,Blt Dip,"dinner,lunch",default main → lunch + dinner
corpus-titled-butterscotch-bars,Butterscotch Bars,"dinner,lunch",default main → lunch + dinner
corpus-titled-cream-puff-cake,Cream Puff Cake,dessert,dessert
corpus-titled-chile-con-queso,Chile Con Queso,"dinner,lunch",default main → lunch + dinner
corpus-titled-cheese-enchiladas,Cheese Enchiladas,"dinner,lunch",default main → lunch + dinner
corpus-titled-salmon-chowder,Salmon Chowder,"dinner,lunch",default main → lunch + dinner
corpus-titled-chocolate-glaze,Chocolate Glaze,"dinner,lunch",default main → lunch + dinner
corpus-titled-strawberry-spinach-salad,Strawberry Spinach Salad,"dinner,lunch",default main → lunch + dinner
corpus-titled-carnitas,Carnitas,"dinner,lunch",default main → lunch + dinner
corpus-titled-moroccan-chicken,Moroccan Chicken,"dinner,lunch",default main → lunch + dinner
corpus-titled-delicious,& Delicious,"dinner,lunch",default main → lunch + dinner
corpus-titled-pizza-cups,Pizza Cups,"dinner,lunch",default main → lunch + dinner
corpus-titled-church-windows,Church Windows,"dinner,lunch",default main → lunch + dinner
corpus-titled-potatoes-romanoff,Potatoes Romanoff,"dinner,lunch",default main → lunch + dinner
corpus-titled-squash-souffle,Squash Souffle,"dinner,lunch",default main → lunch + dinner
corpus-titled-three-bean-casserole,Three Bean Casserole,"dinner,lunch",default main → lunch + dinner
corpus-titled-chocolate-mousse-pie,Chocolate Mousse Pie,dessert,dessert
corpus-titled-black-magic-cake,Black Magic Cake,dessert,dessert
corpus-titled-impossible-taco-pie,Impossible Taco Pie,dessert,dessert
corpus-titled-instant-spiced-tea,Instant Spiced Tea,"dinner,lunch",default main → lunch + dinner
corpus-titled-chicken-loaf,Chicken Loaf,"dinner,lunch",default main → lunch + dinner
corpus-titled-turkey-loaf,Turkey Loaf,"dinner,lunch",default main → lunch + dinner
corpus-titled-italian-spaghetti,Italian Spaghetti,"dinner,lunch",default main → lunch + dinner
corpus-titled-cherry-cream-cheese-pie,Cherry Cream Cheese Pie,dessert,dessert
corpus-titled-oreo-delight,Oreo Delight,"dinner,lunch",default main → lunch + dinner
corpus-titled-stuffed-celery,Stuffed Celery,"dinner,lunch",default main → lunch + dinner
corpus-titled-pineapple-cream-pie,Pineapple Cream Pie,dessert,dessert
corpus-titled-nanaimo-bars,Nanaimo Bars,"dinner,lunch",default main → lunch + dinner
corpus-titled-barbecue-spareribs,Barbecue Spareribs,"dinner,lunch",default main → lunch + dinner
corpus-titled-zucchini-brownies,Zucchini Brownies,dessert,dessert
corpus-titled-asparagus-soup,Asparagus Soup,"dinner,lunch",default main → lunch + dinner
corpus-titled-tortillas,Tortillas,"dinner,lunch",default main → lunch + dinner
corpus-titled-zucchini-chocolate-cake,Zucchini Chocolate Cake,dessert,dessert
corpus-titled-chicken-corn-chowder,Chicken Corn Chowder,"dinner,lunch",default main → lunch + dinner
corpus-titled-italian-bread,Italian Bread,"dinner,lunch",default main → lunch + dinner
corpus-titled-pumpkin-dip,Pumpkin Dip,"dinner,lunch",default main → lunch + dinner
corpus-titled-crustless-quiche,Crustless Quiche,"dinner,lunch",default main → lunch + dinner
corpus-titled-fish-stew,Fish Stew,"dinner,lunch",default main → lunch + dinner
corpus-titled-armadillo-eggs,Armadillo Eggs,"dinner,lunch",default main → lunch + dinner
corpus-titled-roasted-chicken,Roasted Chicken,"dinner,lunch",default main → lunch + dinner
corpus-titled-tamale-casserole,Tamale Casserole,"dinner,lunch",default main → lunch + dinner
corpus-titled-cabbage-and-noodles,Cabbage And Noodles,"dinner,lunch",default main → lunch + dinner
corpus-titled-cream-cheese-squares,Cream Cheese Squares,"dinner,lunch",default main → lunch + dinner
corpus-titled-no-bake-peanut-butter-cookies,No Bake Peanut Butter Cookies,dessert,dessert
corpus-titled-barbecue-shrimp,Barbecue Shrimp,"dinner,lunch",default main → lunch + dinner
corpus-titled-turkey-stuffing,Turkey Stuffing,"dinner,lunch",default main → lunch + dinner
corpus-titled-scalloped-potatoes-and-ham,Scalloped Potatoes And Ham,"dinner,lunch",default main → lunch + dinner
corpus-titled-maple-syrup,Maple Syrup,"dinner,lunch",default main → lunch + dinner
corpus-titled-barbecue-brisket,Barbecue Brisket,"dinner,lunch",default main → lunch + dinner
corpus-titled-turkey-soup,Turkey Soup,"dinner,lunch",default main → lunch + dinner
corpus-titled-brandy-slush,Brandy Slush,"dinner,lunch",default main → lunch + dinner
corpus-titled-leek-and-potato-soup,Leek And Potato Soup,"dinner,lunch",default main → lunch + dinner
corpus-titled-frog-eye-salad,Frog Eye Salad,"dinner,lunch",default main → lunch + dinner
corpus-titled-lemon-cheese-cake,Lemon Cheese Cake,dessert,dessert
corpus-titled-banana-chocolate-chip-muffins,Banana Chocolate Chip Muffins,"dinner,lunch",default main → lunch + dinner
corpus-titled-s-banana-bread,S Banana Bread,"dinner,lunch",default main → lunch + dinner
corpus-titled-sweet-potato-bake,Sweet Potato Bake,"dinner,lunch",default main → lunch + dinner
corpus-titled-apple-torte,Apple Torte,"dinner,lunch",default main → lunch + dinner
corpus-titled-tomatillo-salsa,Tomatillo Salsa,"dinner,lunch",default main → lunch + dinner
corpus-titled-marinated-chicken,Marinated Chicken,"dinner,lunch",default main → lunch + dinner
corpus-titled-caesar-dressing,Caesar Dressing,"dinner,lunch",default main → lunch + dinner
corpus-titled-caramelized-onions,Caramelized Onions,"dinner,lunch",default main → lunch + dinner
corpus-titled-basil-pesto,Basil Pesto,"dinner,lunch",default main → lunch + dinner
corpus-titled-peanut-butter-cream-pie,Peanut Butter Cream Pie,dessert,dessert
corpus-titled-cabbage-patch-stew,Cabbage Patch Stew,"dinner,lunch",default main → lunch + dinner
corpus-titled-no-crust-coconut-pie,No Crust Coconut Pie,dessert,dessert
corpus-titled-pink-punch,Pink Punch,"dinner,lunch",default main → lunch + dinner
corpus-titled-vichyssoise,Vichyssoise,"dinner,lunch",default main → lunch + dinner
corpus-titled-blueberry-crisp,Blueberry Crisp,"dinner,lunch",default main → lunch + dinner
corpus-titled-rye-bread,Rye Bread,"dinner,lunch",default main → lunch + dinner
corpus-titled-honey-butter,Honey Butter,"dinner,lunch",default main → lunch + dinner
corpus-titled-pecan-squares,Pecan Squares,"dinner,lunch",default main → lunch + dinner
corpus-titled-layered-bean-dip,Layered Bean Dip,"dinner,lunch",default main → lunch + dinner
corpus-titled-green-goddess-dressing,Green Goddess Dressing,"dinner,lunch",default main → lunch + dinner
corpus-titled-chicken-rolls,Chicken Rolls,"dinner,lunch",default main → lunch + dinner
corpus-titled-sweet-and-sour-carrots,Sweet And Sour Carrots,"dinner,lunch",default main → lunch + dinner
corpus-titled-hamburger-vegetable-soup,Hamburger Vegetable Soup,"dinner,lunch",default main → lunch + dinner
corpus-titled-okra-and-tomatoes,Okra And Tomatoes,"dinner,lunch",default main → lunch + dinner
corpus-titled-spring-salad,Spring Salad,"dinner,lunch",default main → lunch + dinner
corpus-titled-poor-man-s-cake,Poor Man'S Cake,dessert,dessert
corpus-titled-tuna-dip,Tuna Dip,"dinner,lunch",default main → lunch + dinner
corpus-titled-no-bake-chocolate-oatmeal-cookies,No Bake Chocolate Oatmeal Cookies,dessert,dessert
corpus-titled-texas-cake,Texas Cake,dessert,dessert
corpus-titled-chocolate-chip-pudding-cookies,Chocolate Chip Pudding Cookies,dessert,dessert
corpus-titled-green-rice-casserole,Green Rice Casserole,"dinner,lunch",default main → lunch + dinner
corpus-titled-gnocchi,Gnocchi,"dinner,lunch",default main → lunch + dinner
corpus-titled-pineapple-drop-cookies,Pineapple Drop Cookies,dessert,dessert
corpus-titled-salmon-salad,Salmon Salad,"dinner,lunch",default main → lunch + dinner
corpus-titled-donuts,Donuts,dessert,dessert
corpus-titled-ice-cream-sandwiches,Ice Cream Sandwiches,dessert,dessert
corpus-titled-pineapple-zucchini-bread,Pineapple Zucchini Bread,"dinner,lunch",default main → lunch + dinner
corpus-titled-rhubarb-upside-down-cake,Rhubarb Upside-Down Cake,dessert,dessert
corpus-titled-coffee-punch,Coffee Punch,"dinner,lunch",default main → lunch + dinner
corpus-titled-scotcheroos,Scotcheroos,"dinner,lunch",default main → lunch + dinner
corpus-titled-chicken-florentine,Chicken Florentine,"dinner,lunch",default main → lunch + dinner
corpus-titled-rocky-road,Rocky Road,"dinner,lunch",default main → lunch + dinner
corpus-titled-risotto,Risotto,"dinner,lunch",default main → lunch + dinner
corpus-titled-beef-and-noodles,Beef And Noodles,"dinner,lunch",default main → lunch + dinner
corpus-titled-spinach-and-artichoke-dip,Spinach And Artichoke Dip,"dinner,lunch",default main → lunch + dinner
corpus-titled-pastitsio,Pastitsio,"dinner,lunch",default main → lunch + dinner
corpus-titled-white-sangria,White Sangria,snack,drink → snack
corpus-titled-cream-puff-dessert,Cream Puff Dessert,dessert,dessert
corpus-titled-s-chili,S Chili,"dinner,lunch",default main → lunch + dinner
corpus-titled-wedding-cookies,Wedding Cookies,dessert,dessert
corpus-titled-fresh-tomato-salsa,Fresh Tomato Salsa,"dinner,lunch",default main → lunch + dinner
corpus-titled-beef-noodle-casserole,Beef Noodle Casserole,"dinner,lunch",default main → lunch + dinner
corpus-titled-potato-salad-dressing,Potato Salad Dressing,"dinner,lunch",default main → lunch + dinner
corpus-titled-sausage-stuffing,Sausage Stuffing,"dinner,lunch",default main → lunch + dinner
corpus-titled-carrot-cookies,Carrot Cookies,dessert,dessert
corpus-titled-lime-pickles,Lime Pickles,"dinner,lunch",default main → lunch + dinner
corpus-titled-oven-barbecued-chicken,Oven Barbecued Chicken,"dinner,lunch",default main → lunch + dinner
corpus-titled-frozen-cherry-salad,Frozen Cherry Salad,"dinner,lunch",default main → lunch + dinner
corpus-titled-baked-lasagna,Baked Lasagna,"dinner,lunch",default main → lunch + dinner
corpus-titled-spaghetti-pizza,Spaghetti Pizza,"dinner,lunch",default main → lunch + dinner
corpus-titled-caramel-bars,Caramel Bars,"dinner,lunch",default main → lunch + dinner
corpus-titled-breakfast-souffle,Breakfast Souffle,breakfast,breakfast
corpus-titled-chicken-marengo,Chicken Marengo,"dinner,lunch",default main → lunch + dinner
corpus-titled-stuffed-acorn-squash,Stuffed Acorn Squash,"dinner,lunch",default main → lunch + dinner
corpus-titled-mayonnaise-biscuits,Mayonnaise Biscuits,"dinner,lunch",default main → lunch + dinner
corpus-titled-creamy-tomato-soup,Creamy Tomato Soup,"dinner,lunch",default main → lunch + dinner
corpus-titled-russian-salad,Russian Salad,"dinner,lunch",default main → lunch + dinner
corpus-titled-sugar-cream-pie,Sugar Cream Pie,dessert,dessert
corpus-titled-lemon-poppy-seed-bread,Lemon Poppy Seed Bread,"dinner,lunch",default main → lunch + dinner
corpus-titled-breakfast,Breakfast,breakfast,breakfast
corpus-titled-rocky-road-brownies,Rocky Road Brownies,dessert,dessert
corpus-titled-crab-rangoon,Crab Rangoon,"dinner,lunch",default main → lunch + dinner
corpus-titled-carrot-muffins,Carrot Muffins,"dinner,lunch",default main → lunch + dinner
corpus-titled-coconut-rice,Coconut Rice,"dinner,lunch",default main → lunch + dinner
corpus-titled-steak-au-poivre,Steak Au Poivre,"dinner,lunch",default main → lunch + dinner
corpus-titled-mojito,Mojito,snack,drink → snack
corpus-titled-blueberry-cream-pie,Blueberry Cream Pie,dessert,dessert
corpus-titled-fresh-broccoli-salad,Fresh Broccoli Salad,"dinner,lunch",default main → lunch + dinner
corpus-titled-pork-chop-dinner,Pork Chop Dinner,"dinner,lunch",default main → lunch + dinner
corpus-titled-baked-cabbage,Baked Cabbage,"dinner,lunch",default main → lunch + dinner
corpus-titled-strawberry-mousse,Strawberry Mousse,dessert,dessert
corpus-titled-broccoli,Broccoli,"dinner,lunch",default main → lunch + dinner
corpus-titled-pita-bread,Pita Bread,"dinner,lunch",default main → lunch + dinner
corpus-titled-marinated-salad,Marinated Salad,"dinner,lunch",default main → lunch + dinner
corpus-titled-hot-dog-relish,Hot Dog Relish,"dinner,lunch",default main → lunch + dinner
corpus-titled-hot-fudge-sundae-cake,Hot Fudge Sundae Cake,dessert,dessert
corpus-titled-mushroom-barley-soup,Mushroom Barley Soup,"dinner,lunch",default main → lunch + dinner
corpus-titled-wine-cake,Wine Cake,dessert,dessert
corpus-titled-hot-dip,Hot Dip,"dinner,lunch",default main → lunch + dinner
corpus-titled-tater-tot-hot-dish,Tater Tot Hot Dish,"dinner,lunch",default main → lunch + dinner
corpus-titled-apple-bars,Apple Bars,"dinner,lunch",default main → lunch + dinner
corpus-titled-pickled-shrimp,Pickled Shrimp,"dinner,lunch",default main → lunch + dinner
corpus-titled-salmon-dip,Salmon Dip,"dinner,lunch",default main → lunch + dinner
corpus-titled-crunchy-pea-salad,Crunchy Pea Salad,"dinner,lunch",default main → lunch + dinner
corpus-titled-parker-house-rolls,Parker House Rolls,"dinner,lunch",default main → lunch + dinner
corpus-titled-cheddar-cheese-soup,Cheddar Cheese Soup,"dinner,lunch",default main → lunch + dinner
corpus-titled-deviled-crab,Deviled Crab,"dinner,lunch",default main → lunch + dinner
corpus-titled-mexican-roll-ups,Mexican Roll-Ups,"dinner,lunch",default main → lunch + dinner
corpus-titled-chicken-crunch,Chicken Crunch,"dinner,lunch",default main → lunch + dinner
corpus-titled-pork-barbecue,Pork Barbecue,"dinner,lunch",default main → lunch + dinner
corpus-titled-lime-punch,Lime Punch,"dinner,lunch",default main → lunch + dinner
corpus-titled-banana-fritters,Banana Fritters,dessert,dessert
corpus-titled-lemon-poppy-seed-muffins,Lemon Poppy Seed Muffins,"dinner,lunch",default main → lunch + dinner
corpus-titled-thai-beef-salad,Thai Beef Salad,"dinner,lunch",default main → lunch + dinner
corpus-titled-cakespy,Cakespy,"dinner,lunch",default main → lunch + dinner
corpus-titled-meatloaf-recipe,Meatloaf Recipe,"dinner,lunch",default main → lunch + dinner
corpus-titled-carrot-bars,Carrot Bars,"dinner,lunch",default main → lunch + dinner
corpus-titled-chocolate-chip-cookie,Chocolate Chip Cookie,dessert,dessert
corpus-titled-linguini-salad,Linguini Salad,"dinner,lunch",default main → lunch + dinner
corpus-titled-savory-pot-roast,Savory Pot Roast,"dinner,lunch",default main → lunch + dinner
corpus-titled-cheesy-chicken-casserole,Cheesy Chicken Casserole,"dinner,lunch",default main → lunch + dinner
corpus-titled-ladyfingers,Ladyfingers,"dinner,lunch",default main → lunch + dinner
corpus-titled-oreo-cake,Oreo Cake,dessert,dessert
corpus-titled-chicken-enchilada,Chicken Enchilada,"dinner,lunch",default main → lunch + dinner
corpus-titled-banana-bars,Banana Bars,"dinner,lunch",default main → lunch + dinner
corpus-titled-creamy-fruit-salad,Creamy Fruit Salad,"dinner,lunch",default main → lunch + dinner
corpus-titled-stewed-tomatoes,Stewed Tomatoes,"dinner,lunch",default main → lunch + dinner
corpus-titled-hello-dolly-cookies,Hello Dolly Cookies,dessert,dessert
corpus-titled-fruit-cookies,Fruit Cookies,dessert,dessert
corpus-titled-chicken-ala-king,Chicken Ala King,"dinner,lunch",default main → lunch + dinner
corpus-titled-buttermilk-rolls,Buttermilk Rolls,"dinner,lunch",default main → lunch + dinner
corpus-titled-deep-dish-pizza,Deep Dish Pizza,"dinner,lunch",default main → lunch + dinner
corpus-titled-french-breakfast-puffs,French Breakfast Puffs,breakfast,breakfast
corpus-titled-broccoli-and-cheese-soup,Broccoli And Cheese Soup,"dinner,lunch",default main → lunch + dinner
corpus-titled-honey-baked-chicken,Honey Baked Chicken,"dinner,lunch",default main → lunch + dinner
corpus-titled-broccoli-chicken-casserole,Broccoli Chicken Casserole,"dinner,lunch",default main → lunch + dinner
corpus-titled-chicken-dumplings,Chicken Dumplings,"dinner,lunch",default main → lunch + dinner
corpus-titled-vegetarian-lasagna,Vegetarian Lasagna,"dinner,lunch",default main → lunch + dinner
corpus-titled-sour-cream-chocolate-cake,Sour Cream Chocolate Cake,dessert,dessert
corpus-titled-overnight-coffee-cake,Overnight Coffee Cake,dessert,dessert
corpus-titled-ranch-beans,Ranch Beans,"dinner,lunch",default main → lunch + dinner
corpus-titled-frozen-dessert,Frozen Dessert,dessert,dessert
corpus-titled-dutch-apple-cake,Dutch Apple Cake,dessert,dessert
corpus-titled-blue-cheese-dip,Blue Cheese Dip,"dinner,lunch",default main → lunch + dinner
corpus-titled-blueberry-pound-cake,Blueberry Pound Cake,dessert,dessert
corpus-titled-chocolate-crinkle-cookies,Chocolate Crinkle Cookies,dessert,dessert
corpus-titled-banana-smoothie,Banana Smoothie,snack,drink → snack
corpus-titled-chocolate-torte,Chocolate Torte,"dinner,lunch",default main → lunch + dinner
corpus-titled-chicken-spaghetti-casserole,Chicken Spaghetti Casserole,"dinner,lunch",default main → lunch + dinner
corpus-titled-creamy-lemon-pie,Creamy Lemon Pie,dessert,dessert
corpus-titled-mexican-hot-chocolate,Mexican Hot Chocolate,snack,drink → snack
corpus-titled-pink-lemonade-pie,Pink Lemonade Pie,dessert,dessert
corpus-titled-biscuit-mix,Biscuit Mix,"dinner,lunch",default main → lunch + dinner
corpus-titled-fettucine-alfredo,Fettucine Alfredo,"dinner,lunch",default main → lunch + dinner
corpus-titled-sausage-stuffed-mushrooms,Sausage Stuffed Mushrooms,"dinner,lunch",default main → lunch + dinner
corpus-titled-tabouli,Tabouli,"dinner,lunch",default main → lunch + dinner
corpus-titled-turkey-gravy,Turkey Gravy,"dinner,lunch",default main → lunch + dinner
corpus-titled-peanut-butter-bonbons,Peanut Butter Bonbons,"dinner,lunch",default main → lunch + dinner
corpus-titled-fruit-dessert,Fruit Dessert,dessert,dessert
corpus-titled-tomato-gravy,Tomato Gravy,"dinner,lunch",default main → lunch + dinner
corpus-titled-chicken-italiano,Chicken Italiano,"dinner,lunch",default main → lunch + dinner
corpus-titled-coconut-bonbons,Coconut Bonbons,"dinner,lunch",default main → lunch + dinner
corpus-titled-breakfast-pie,Breakfast Pie,dessert,dessert
corpus-titled-turtle-brownies,Turtle Brownies,dessert,dessert
corpus-titled-escalloped-corn,Escalloped Corn,"dinner,lunch",default main → lunch + dinner
corpus-titled-chess-bars,Chess Bars,"dinner,lunch",default main → lunch + dinner
corpus-titled-dilly-beans,Dilly Beans,"dinner,lunch",default main → lunch + dinner
corpus-titled-white-trash,White Trash,"dinner,lunch",default main → lunch + dinner
corpus-titled-asparagus-salad,Asparagus Salad,"dinner,lunch",default main → lunch + dinner
corpus-titled-7-layer-cookies,7 Layer Cookies,dessert,dessert
corpus-titled-fried-eggplant,Fried Eggplant,"dinner,lunch",default main → lunch + dinner
corpus-titled-mushroom-casserole,Mushroom Casserole,"dinner,lunch",default main → lunch + dinner
corpus-titled-beef-and-broccoli,Beef And Broccoli,"dinner,lunch",default main → lunch + dinner
corpus-titled-s-pecan-pie,S Pecan Pie,dessert,dessert
corpus-titled-breaded-pork-chops,Breaded Pork Chops,"dinner,lunch",default main → lunch + dinner
corpus-titled-pierogi,Pierogi,"dinner,lunch",default main → lunch + dinner
corpus-titled-sweet-potato-fries,Sweet Potato Fries,"dinner,lunch",default main → lunch + dinner
corpus-titled-strawberry-sauce,Strawberry Sauce,"dinner,lunch",default main → lunch + dinner
corpus-titled-strawberry-lemonade,Strawberry Lemonade,"dinner,lunch",default main → lunch + dinner
corpus-titled-shrimp-bisque,Shrimp Bisque,"dinner,lunch",default main → lunch + dinner
corpus-titled-panzanella,Panzanella,"dinner,lunch",default main → lunch + dinner
corpus-titled-spaghetti-bolognese,Spaghetti Bolognese,"dinner,lunch",default main → lunch + dinner
corpus-titled-blackberry-pie,Blackberry Pie,dessert,dessert
corpus-titled-french-fries,French Fries,"dinner,lunch",default main → lunch + dinner
corpus-titled-fried-apple-pies,Fried Apple Pies,dessert,dessert
corpus-titled-raw-vegetable-dip,Raw Vegetable Dip,"dinner,lunch",default main → lunch + dinner
corpus-titled-barbecue-pork-chops,Barbecue Pork Chops,"dinner,lunch",default main → lunch + dinner
corpus-titled-applesauce-bread,Applesauce Bread,"dinner,lunch",default main → lunch + dinner
corpus-titled-berry-cobbler,Berry Cobbler,dessert,dessert
corpus-titled-oatmeal-scotchies,Oatmeal Scotchies,breakfast,breakfast
corpus-titled-mulligatawny-soup,Mulligatawny Soup,"dinner,lunch",default main → lunch + dinner
corpus-titled-s-pumpkin-pie,S Pumpkin Pie,dessert,dessert
corpus-titled-elephant-ears,Elephant Ears,"dinner,lunch",default main → lunch + dinner
corpus-titled-sweet-and-sour-cabbage,Sweet And Sour Cabbage,"dinner,lunch",default main → lunch + dinner
corpus-titled-sour-cream-chicken,Sour Cream Chicken,"dinner,lunch",default main → lunch + dinner
corpus-titled-crabmeat-spread,Crabmeat Spread,"dinner,lunch",default main → lunch + dinner
corpus-titled-chocolate-caramel-bars,Chocolate Caramel Bars,"dinner,lunch",default main → lunch + dinner
corpus-titled-french-salad-dressing,French Salad Dressing,"dinner,lunch",default main → lunch + dinner
corpus-titled-baby-food-cake,Baby Food Cake,dessert,dessert
corpus-titled-pastry,Pastry,"dinner,lunch",default main → lunch + dinner
corpus-titled-beef-goulash,Beef Goulash,"dinner,lunch",default main → lunch + dinner
corpus-titled-buffalo-chicken-wings,Buffalo Chicken Wings,"dinner,lunch",default main → lunch + dinner
corpus-titled-no-bake-cheese-cake,No Bake Cheese Cake,dessert,dessert
corpus-titled-chili-verde,Chili Verde,"dinner,lunch",default main → lunch + dinner
corpus-titled-fig-preserves,Fig Preserves,"dinner,lunch",default main → lunch + dinner
corpus-titled-double-chocolate-chip-cookies,Double Chocolate Chip Cookies,dessert,dessert
corpus-titled-chinese-casserole,Chinese Casserole,"dinner,lunch",default main → lunch + dinner
corpus-titled-sweet-potato-crunch,Sweet Potato Crunch,"dinner,lunch",default main → lunch + dinner
corpus-titled-dill-weed-dip,Dill Weed Dip,"dinner,lunch",default main → lunch + dinner
corpus-titled-baked-potato-casserole,Baked Potato Casserole,"dinner,lunch",default main → lunch + dinner
corpus-titled-unbaked-cookies,Unbaked Cookies,dessert,dessert
corpus-titled-chicken-caesar-salad,Chicken Caesar Salad,"dinner,lunch",default main → lunch + dinner
corpus-titled-breakfast-cookies,Breakfast Cookies,dessert,dessert
corpus-titled-christmas-cake,Christmas Cake,dessert,dessert
corpus-titled-crispy-chicken,Crispy Chicken,"dinner,lunch",default main → lunch + dinner
corpus-titled-cheeseburger-soup,Cheeseburger Soup,"dinner,lunch",default main → lunch + dinner
corpus-titled-cream-of-cauliflower-soup,Cream Of Cauliflower Soup,"dinner,lunch",default main → lunch + dinner
corpus-titled-pineapple-punch,Pineapple Punch,"dinner,lunch",default main → lunch + dinner
corpus-titled-shrimp-and-grits,Shrimp And Grits,"dinner,lunch",default main → lunch + dinner
corpus-titled-bbq-chicken-pizza,Bbq Chicken Pizza,"dinner,lunch",default main → lunch + dinner
corpus-titled-chili-con-queso-dip,Chili Con Queso Dip,"dinner,lunch",default main → lunch + dinner
corpus-titled-sunshine-cake,Sunshine Cake,dessert,dessert
corpus-titled-crab-meat-dip,Crab Meat Dip,"dinner,lunch",default main → lunch + dinner
corpus-titled-chicken-creole,Chicken Creole,"dinner,lunch",default main → lunch + dinner
corpus-titled-butterhorns,Butterhorns,"dinner,lunch",default main → lunch + dinner
corpus-titled-oysters-rockefeller,Oysters Rockefeller,"dinner,lunch",default main → lunch + dinner
corpus-titled-baked-brie,Baked Brie,"dinner,lunch",default main → lunch + dinner
corpus-titled-barbecued-beans,Barbecued Beans,"dinner,lunch",default main → lunch + dinner
corpus-titled-blueberry-bread,Blueberry Bread,"dinner,lunch",default main → lunch + dinner
corpus-titled-hawaiian-salad,Hawaiian Salad,"dinner,lunch",default main → lunch + dinner
corpus-titled-marinated-tomatoes,Marinated Tomatoes,"dinner,lunch",default main → lunch + dinner
corpus-titled-kosher-dill-pickles,Kosher Dill Pickles,"dinner,lunch",default main → lunch + dinner
corpus-titled-pecan-rolls,Pecan Rolls,"dinner,lunch",default main → lunch + dinner
corpus-titled-jewish-coffee-cake,Jewish Coffee Cake,dessert,dessert
corpus-titled-fruit-crisp,Fruit Crisp,"dinner,lunch",default main → lunch + dinner
corpus-titled-angel-cookies,Angel Cookies,dessert,dessert
corpus-titled-date-nut-bars,Date Nut Bars,"dinner,lunch",default main → lunch + dinner
corpus-titled-percolator-punch,Percolator Punch,"dinner,lunch",default main → lunch + dinner
corpus-titled-pasta-sauce,Pasta Sauce,"dinner,lunch",default main → lunch + dinner
corpus-titled-butter-balls,Butter Balls,"dinner,lunch",default main → lunch + dinner
corpus-titled-mexican-lasagne,Mexican Lasagne,"dinner,lunch",default main → lunch + dinner
corpus-titled-peaches-and-cream,Peaches And Cream,"dinner,lunch",default main → lunch + dinner
corpus-titled-cottage-potatoes,Cottage Potatoes,"dinner,lunch",default main → lunch + dinner
corpus-titled-garlic-shrimp,Garlic Shrimp,"dinner,lunch",default main → lunch + dinner
corpus-titled-barbecued-shrimp,Barbecued Shrimp,"dinner,lunch",default main → lunch + dinner
corpus-titled-pizza-snacks,Pizza Snacks,snack,strict snack
corpus-titled-baked-lima-beans,Baked Lima Beans,"dinner,lunch",default main → lunch + dinner
corpus-titled-field-s-cookies,Field'S Cookies,dessert,dessert
corpus-titled-sausage-biscuits,Sausage Biscuits,"dinner,lunch",default main → lunch + dinner
corpus-titled-greek-chicken,Greek Chicken,"dinner,lunch",default main → lunch + dinner
corpus-titled-mexican-chicken-soup,Mexican Chicken Soup,"dinner,lunch",default main → lunch + dinner
corpus-titled-strawberry-muffins,Strawberry Muffins,"dinner,lunch",default main → lunch + dinner
corpus-titled-remoulade-sauce,Remoulade Sauce,"dinner,lunch",default main → lunch + dinner
corpus-titled-ketchup,Ketchup,"dinner,lunch",default main → lunch + dinner
corpus-titled-roasted-asparagus,Roasted Asparagus,"dinner,lunch",default main → lunch + dinner
corpus-titled-chimichurri-sauce,Chimichurri Sauce,"dinner,lunch",default main → lunch + dinner
corpus-titled-mayonnaise-rolls,Mayonnaise Rolls,"dinner,lunch",default main → lunch + dinner
corpus-titled-dirt-pie,Dirt Pie,dessert,dessert
corpus-titled-italian-dressing,Italian Dressing,"dinner,lunch",default main → lunch + dinner
corpus-titled-cheese-sticks,Cheese Sticks,"dinner,lunch",default main → lunch + dinner
corpus-titled-sweet-and-sour-chicken-wings,Sweet And Sour Chicken Wings,"dinner,lunch",default main → lunch + dinner
corpus-titled-bacon-roll-ups,Bacon Roll-Ups,"dinner,lunch",default main → lunch + dinner
corpus-titled-fruit-delight,Fruit Delight,"dinner,lunch",default main → lunch + dinner
corpus-titled-old-fashioned-bread-pudding,Old Fashioned Bread Pudding,dessert,dessert
corpus-titled-cranberry-pie,Cranberry Pie,dessert,dessert
corpus-titled-five-flavor-pound-cake,Five Flavor Pound Cake,dessert,dessert
corpus-titled-pumpkin-cheesecake-bars,Pumpkin Cheesecake Bars,dessert,dessert
corpus-titled-fruit-compote,Fruit Compote,"dinner,lunch",default main → lunch + dinner
corpus-titled-peach-dessert,Peach Dessert,dessert,dessert
corpus-titled-toffee-squares,Toffee Squares,"dinner,lunch",default main → lunch + dinner
corpus-titled-melting-moments,Melting Moments,"dinner,lunch",default main → lunch + dinner
corpus-titled-green-chili,Green Chili,"dinner,lunch",default main → lunch + dinner
corpus-titled-cucumbers-in-sour-cream,Cucumbers In Sour Cream,"dinner,lunch",default main → lunch + dinner
corpus-titled-sauerkraut-casserole,Sauerkraut Casserole,"dinner,lunch",default main → lunch + dinner
corpus-titled-pork-chop-bake,Pork Chop Bake,"dinner,lunch",default main → lunch + dinner
corpus-titled-pierogi-casserole,Pierogi Casserole,"dinner,lunch",default main → lunch + dinner
corpus-titled-mint-julep,Mint Julep,"dinner,lunch",default main → lunch + dinner
corpus-titled-sweet-dill-pickles,Sweet Dill Pickles,"dinner,lunch",default main → lunch + dinner
corpus-titled-poppy-seed-chicken-casserole,Poppy Seed Chicken Casserole,"dinner,lunch",default main → lunch + dinner
corpus-titled-breakfast-muffins,Breakfast Muffins,breakfast,breakfast
corpus-titled-strawberry-pretzel-dessert,Strawberry Pretzel Dessert,dessert,dessert
corpus-titled-date-loaf,Date Loaf,"dinner,lunch",default main → lunch + dinner
corpus-titled-chewy-cake,Chewy Cake,dessert,dessert
corpus-titled-hot-crabmeat-dip,Hot Crabmeat Dip,"dinner,lunch",default main → lunch + dinner
corpus-titled-shoney-s-strawberry-pie,Shoney'S Strawberry Pie,dessert,dessert
corpus-titled-antipasto,Antipasto,"lunch,snack",tapas → snack + lunch
corpus-titled-fettucini-alfredo,Fettucini Alfredo,"dinner,lunch",default main → lunch + dinner
corpus-titled-egg-pie,Egg Pie,dessert,dessert
corpus-titled-venison-jerky,Venison Jerky,snack,strict snack
corpus-titled-frito-pie,Frito Pie,dessert,dessert
corpus-titled-apple-tart,Apple Tart,dessert,dessert
corpus-titled-stuffed-jalapenos,Stuffed Jalapenos,"dinner,lunch",default main → lunch + dinner
corpus-titled-chicken-mole,Chicken Mole,"dinner,lunch",default main → lunch + dinner
corpus-titled-empanadas,Empanadas,"dinner,lunch",default main → lunch + dinner
corpus-titled-dream-pie,Dream Pie,dessert,dessert
corpus-titled-cheese-squares,Cheese Squares,"dinner,lunch",default main → lunch + dinner
corpus-titled-cinnamon-twists,Cinnamon Twists,"dinner,lunch",default main → lunch + dinner
corpus-titled-seafoam-salad,Seafoam Salad,"dinner,lunch",default main → lunch + dinner
corpus-titled-whole-wheat-banana-bread,Whole Wheat Banana Bread,"dinner,lunch",default main → lunch + dinner
corpus-titled-bing-cherry-salad,Bing Cherry Salad,"dinner,lunch",default main → lunch + dinner
corpus-titled-meat-marinade,Meat Marinade,"dinner,lunch",default main → lunch + dinner
corpus-titled-chewy-chocolate-chip-cookies,Chewy Chocolate Chip Cookies,dessert,dessert
corpus-titled-zucchini-pineapple-bread,Zucchini Pineapple Bread,"dinner,lunch",default main → lunch + dinner
corpus-titled-chicken-squares,Chicken Squares,"dinner,lunch",default main → lunch + dinner
corpus-titled-black-walnut-pound-cake,Black Walnut Pound Cake,dessert,dessert
corpus-titled-chocolate-peanut-butter-cookies,Chocolate Peanut Butter Cookies,dessert,dessert
corpus-titled-black-eyed-peas,Black-Eyed Peas,"dinner,lunch",default main → lunch + dinner
corpus-titled-buttermilk-fried-chicken,Buttermilk Fried Chicken,"dinner,lunch",default main → lunch + dinner
corpus-titled-orange-congealed-salad,Orange Congealed Salad,"dinner,lunch",default main → lunch + dinner
corpus-titled-apple-spice-cake,Apple Spice Cake,dessert,dessert
corpus-titled-striped-delight,Striped Delight,"dinner,lunch",default main → lunch + dinner
corpus-titled-lemonade-cake,Lemonade Cake,dessert,dessert
corpus-titled-chicken-enchilada-soup,Chicken Enchilada Soup,"dinner,lunch",default main → lunch + dinner
corpus-titled-crispy-baked-chicken,Crispy Baked Chicken,"dinner,lunch",default main → lunch + dinner
corpus-titled-tuna-ball,Tuna Ball,"dinner,lunch",default main → lunch + dinner
corpus-titled-hot-bacon-dressing,Hot Bacon Dressing,"dinner,lunch",default main → lunch + dinner
corpus-titled-no-peek-stew,No Peek Stew,"dinner,lunch",default main → lunch + dinner
corpus-titled-posole,Posole,"dinner,lunch",default main → lunch + dinner
corpus-titled-hot-cranberry-punch,Hot Cranberry Punch,"dinner,lunch",default main → lunch + dinner
corpus-titled-pineapple-cheese-salad,Pineapple Cheese Salad,"dinner,lunch",default main → lunch + dinner
corpus-titled-rouladen,Rouladen,"dinner,lunch",default main → lunch + dinner
corpus-titled-chicken-croquettes,Chicken Croquettes,"dinner,lunch",default main → lunch + dinner
corpus-titled-linguine-with-white-clam-sauce,Linguine With White Clam Sauce,"dinner,lunch",default main → lunch + dinner
corpus-titled-tomato-basil-soup,Tomato Basil Soup,"dinner,lunch",default main → lunch + dinner
corpus-titled-seven-layer-dip,Seven Layer Dip,"dinner,lunch",default main → lunch + dinner
corpus-titled-iced-coffee,Iced Coffee,snack,drink → snack
corpus-titled-strawberry-smoothie,Strawberry Smoothie,snack,drink → snack
corpus-titled-preserved-lemons,Preserved Lemons,"dinner,lunch",default main → lunch + dinner
corpus-titled-honey-cake,Honey Cake,dessert,dessert
corpus-titled-pickled-squash,Pickled Squash,"dinner,lunch",default main → lunch + dinner
corpus-titled-almond-roca,Almond Roca,"dinner,lunch",default main → lunch + dinner
corpus-titled-potato-cheese-casserole,Potato Cheese Casserole,"dinner,lunch",default main → lunch + dinner
corpus-titled-sandies,Sandies,"dinner,lunch",default main → lunch + dinner
corpus-titled-harvey-wallbanger-cake,Harvey Wallbanger Cake,dessert,dessert
corpus-titled-banana-bran-muffins,Banana Bran Muffins,"dinner,lunch",default main → lunch + dinner
corpus-titled-tomato-pudding,Tomato Pudding,dessert,dessert
corpus-titled-s-chocolate-pie,S Chocolate Pie,dessert,dessert
corpus-titled-s-best-cookies,S Best Cookies,dessert,dessert
corpus-titled-peanut-butter-chews,Peanut Butter Chews,"dinner,lunch",default main → lunch + dinner
corpus-titled-swedish-nut-cake,Swedish Nut Cake,dessert,dessert
corpus-titled-pecan-brittle,Pecan Brittle,"dinner,lunch",default main → lunch + dinner
corpus-titled-hamburger-dip,Hamburger Dip,"dinner,lunch",default main → lunch + dinner
corpus-titled-chicken-fingers,Chicken Fingers,"dinner,lunch",default main → lunch + dinner
corpus-titled-carrot-raisin-salad,Carrot Raisin Salad,"dinner,lunch",default main → lunch + dinner
corpus-titled-baked-acorn-squash,Baked Acorn Squash,"dinner,lunch",default main → lunch + dinner
corpus-titled-baked-eggs,Baked Eggs,"dinner,lunch",default main → lunch + dinner
corpus-titled-snow-ice-cream,Snow Ice Cream,dessert,dessert
corpus-titled-caramel-apple-pie,Caramel Apple Pie,dessert,dessert
corpus-titled-brownie-pudding,Brownie Pudding,dessert,dessert
corpus-titled-seafood-lasagna,Seafood Lasagna,"dinner,lunch",default main → lunch + dinner
corpus-titled-heath-bars,Heath Bars,"dinner,lunch",default main → lunch + dinner
corpus-titled-mongolian-beef,Mongolian Beef,"dinner,lunch",default main → lunch + dinner
corpus-titled-italian-salad,Italian Salad,"dinner,lunch",default main → lunch + dinner
corpus-titled-linguine-with-clam-sauce,Linguine With Clam Sauce,"dinner,lunch",default main → lunch + dinner
corpus-titled-seafoam-candy,Seafoam Candy,dessert,dessert
corpus-titled-black-bean-chili,Black Bean Chili,"dinner,lunch",default main → lunch + dinner
corpus-titled-fresh-blueberry-pie,Fresh Blueberry Pie,dessert,dessert
corpus-titled-german-slaw,German Slaw,"dinner,lunch",default main → lunch + dinner
corpus-titled-lemon-supreme-cake,Lemon Supreme Cake,dessert,dessert
corpus-titled-cream-cheese-danish,Cream Cheese Danish,breakfast,breakfast
corpus-titled-salmon-mousse,Salmon Mousse,dessert,dessert
corpus-titled-lemon-poppy-seed-cake,Lemon Poppy Seed Cake,dessert,dessert
corpus-titled-date-and-nut-bread,Date And Nut Bread,"dinner,lunch",default main → lunch + dinner
corpus-titled-tourtiere,Tourtiere,"dinner,lunch",default main → lunch + dinner
corpus-titled-kentucky-pie,Kentucky Pie,dessert,dessert
corpus-titled-ham-and-cheese-rolls,Ham And Cheese Rolls,"dinner,lunch",default main → lunch + dinner
corpus-titled-butter-tarts,Butter Tarts,dessert,dessert
corpus-titled-chicken-alfredo,Chicken Alfredo,"dinner,lunch",default main → lunch + dinner
corpus-titled-mediterranean-pasta-salad,Mediterranean Pasta Salad,"dinner,lunch",default main → lunch + dinner
corpus-titled-roasted-tomato-soup,Roasted Tomato Soup,"dinner,lunch",default main → lunch + dinner
corpus-titled-french-in-a-flash,French In A Flash,"dinner,lunch",default main → lunch + dinner
corpus-titled-beer-biscuits,Beer Biscuits,"dinner,lunch",default main → lunch + dinner
corpus-titled-chocolate-silk-pie,Chocolate Silk Pie,dessert,dessert
corpus-titled-hamburger-hot-dish,Hamburger Hot Dish,"dinner,lunch",default main → lunch + dinner
corpus-titled-crab-mold,Crab Mold,"dinner,lunch",default main → lunch + dinner
corpus-titled-praline-cookies,Praline Cookies,dessert,dessert
corpus-titled-baked-rice-pudding,Baked Rice Pudding,dessert,dessert
corpus-titled-jello-punch,Jello Punch,"dinner,lunch",default main → lunch + dinner
corpus-titled-kentucky-pound-cake,Kentucky Pound Cake,dessert,dessert
corpus-titled-meatball-soup,Meatball Soup,"dinner,lunch",default main → lunch + dinner
corpus-titled-lobster-bisque,Lobster Bisque,"dinner,lunch",default main → lunch + dinner
corpus-titled-chicken-and-sausage-gumbo,Chicken And Sausage Gumbo,"dinner,lunch",default main → lunch + dinner
corpus-titled-cranberry-muffins,Cranberry Muffins,"dinner,lunch",default main → lunch + dinner
corpus-titled-hershey-bar-cake,Hershey Bar Cake,dessert,dessert
corpus-titled-fluffy-frosting,Fluffy Frosting,"dinner,lunch",default main → lunch + dinner
corpus-titled-mexican-soup,Mexican Soup,"dinner,lunch",default main → lunch + dinner
corpus-titled-russian-dressing,Russian Dressing,"dinner,lunch",default main → lunch + dinner
corpus-titled-corn-flake-candy,Corn Flake Candy,dessert,dessert
corpus-titled-chicken-breast-casserole,Chicken Breast Casserole,"dinner,lunch",default main → lunch + dinner
corpus-titled-italian-sausage-soup,Italian Sausage Soup,"dinner,lunch",default main → lunch + dinner
corpus-titled-breakfast-sausage-casserole,Breakfast Sausage Casserole,breakfast,breakfast
corpus-titled-lemon-bisque,Lemon Bisque,"dinner,lunch",default main → lunch + dinner
corpus-titled-butterfinger-ice-cream,Butterfinger Ice Cream,dessert,dessert
corpus-titled-orange-bread,Orange Bread,"dinner,lunch",default main → lunch + dinner
corpus-titled-cranberry-orange-relish,Cranberry-Orange Relish,"dinner,lunch",default main → lunch + dinner
corpus-titled-chocolate-peanut-butter-fudge,Chocolate Peanut Butter Fudge,dessert,dessert
corpus-titled-baked-zucchini,Baked Zucchini,"dinner,lunch",default main → lunch + dinner
corpus-titled-chuck-wagon-beans,Chuck Wagon Beans,"dinner,lunch",default main → lunch + dinner
corpus-titled-chicken-corn-soup,Chicken Corn Soup,"dinner,lunch",default main → lunch + dinner
corpus-titled-raspberry-bars,Raspberry Bars,"dinner,lunch",default main → lunch + dinner
corpus-titled-iced-tea,Iced Tea,"dinner,lunch",default main → lunch + dinner
corpus-titled-pumpkin-butter,Pumpkin Butter,"dinner,lunch",default main → lunch + dinner
corpus-titled-chimichangas,Chimichangas,"dinner,lunch",default main → lunch + dinner
corpus-titled-peanut-butter,Peanut Butter,"dinner,lunch",default main → lunch + dinner
corpus-titled-cowboy-caviar,Cowboy Caviar,"dinner,lunch",default main → lunch + dinner
corpus-titled-focaccia,Focaccia,"dinner,lunch",default main → lunch + dinner
corpus-titled-aioli,Aioli,"dinner,lunch",default main → lunch + dinner
corpus-titled-chicken-saltimbocca,Chicken Saltimbocca,"dinner,lunch",default main → lunch + dinner
corpus-titled-hello-dolly-bars,Hello Dolly Bars,"dinner,lunch",default main → lunch + dinner
corpus-titled-strawberry-fluff,Strawberry Fluff,"dinner,lunch",default main → lunch + dinner
corpus-titled-mango-chutney,Mango Chutney,"dinner,lunch",default main → lunch + dinner
corpus-titled-butter-rolls,Butter Rolls,"dinner,lunch",default main → lunch + dinner
corpus-titled-ribs,Ribs,"dinner,lunch",default main → lunch + dinner
corpus-titled-green-bean-bake,Green Bean Bake,"dinner,lunch",default main → lunch + dinner
corpus-titled-spaghetti-bake,Spaghetti Bake,"dinner,lunch",default main → lunch + dinner
corpus-titled-buttermilk-cornbread,Buttermilk Cornbread,"dinner,lunch",default main → lunch + dinner
corpus-titled-o-henry-bars,O'Henry Bars,"dinner,lunch",default main → lunch + dinner
corpus-titled-dried-beef-casserole,Dried Beef Casserole,"dinner,lunch",default main → lunch + dinner
corpus-titled-rotel-dip,Rotel Dip,"dinner,lunch",default main → lunch + dinner
corpus-titled-white-bean-soup,White Bean Soup,"dinner,lunch",default main → lunch + dinner
corpus-titled-sweet-and-sour-green-beans,Sweet And Sour Green Beans,"dinner,lunch",default main → lunch + dinner
corpus-titled-cream-of-carrot-soup,Cream Of Carrot Soup,"dinner,lunch",default main → lunch + dinner
corpus-titled-oatmeal-drop-cookies,Oatmeal Drop Cookies,dessert,dessert
corpus-titled-chicken-jambalaya,Chicken Jambalaya,"dinner,lunch",default main → lunch + dinner
corpus-titled-oven-fries,Oven Fries,"dinner,lunch",default main → lunch + dinner
corpus-titled-unstuffed-cabbage,Unstuffed Cabbage,"dinner,lunch",default main → lunch + dinner
corpus-titled-veal-marsala,Veal Marsala,"dinner,lunch",default main → lunch + dinner
corpus-titled-shrimp-chowder,Shrimp Chowder,"dinner,lunch",default main → lunch + dinner
corpus-titled-baked-alaska,Baked Alaska,"dinner,lunch",default main → lunch + dinner
corpus-titled-tapioca-pudding,Tapioca Pudding,dessert,dessert
corpus-titled-butter,Butter,"dinner,lunch",default main → lunch + dinner
corpus-titled-stuffed-grape-leaves,Stuffed Grape Leaves,"dinner,lunch",default main → lunch + dinner
corpus-titled-ho-ho-cake,Ho Ho Cake,dessert,dessert
corpus-titled-sugarless-cookies,Sugarless Cookies,dessert,dessert
corpus-titled-stuffed-squash,Stuffed Squash,"dinner,lunch",default main → lunch + dinner
corpus-titled-mushroom-rice,Mushroom Rice,"dinner,lunch",default main → lunch + dinner
corpus-titled-cauliflower-and-broccoli-salad,Cauliflower And Broccoli Salad,"dinner,lunch",default main → lunch + dinner
corpus-titled-spinach-salad-dressing,Spinach Salad Dressing,"dinner,lunch",default main → lunch + dinner
corpus-titled-one-bowl-brownies,One Bowl Brownies,dessert,dessert
corpus-titled-meringue-cookies,Meringue Cookies,dessert,dessert
corpus-titled-overnight-french-toast,Overnight French Toast,breakfast,breakfast
corpus-titled-stuffed-manicotti,Stuffed Manicotti,"dinner,lunch",default main → lunch + dinner
corpus-titled-candied-carrots,Candied Carrots,"dinner,lunch",default main → lunch + dinner
corpus-titled-meat-sauce,Meat Sauce,"dinner,lunch",default main → lunch + dinner
corpus-titled-chocolate-candy,Chocolate Candy,dessert,dessert
corpus-titled-raspberry-pie,Raspberry Pie,dessert,dessert
corpus-titled-chickpea-salad,Chickpea Salad,"dinner,lunch",default main → lunch + dinner
corpus-titled-avocado-salsa,Avocado Salsa,"dinner,lunch",default main → lunch + dinner
corpus-titled-chocolate-chunk-cookies,Chocolate Chunk Cookies,dessert,dessert
corpus-titled-sesame-noodles,Sesame Noodles,"dinner,lunch",default main → lunch + dinner
corpus-titled-tomato-salsa,Tomato Salsa,"dinner,lunch",default main → lunch + dinner
corpus-titled-italian-meatloaf,Italian Meatloaf,"dinner,lunch",default main → lunch + dinner
corpus-titled-marshmallows,Marshmallows,"dinner,lunch",default main → lunch + dinner
corpus-titled-bible-cake,Bible Cake,dessert,dessert
corpus-titled-miniature-cheesecakes,Miniature Cheesecakes,dessert,dessert
corpus-titled-roasted-pumpkin-seeds,Roasted Pumpkin Seeds,"dinner,lunch",default main → lunch + dinner
corpus-titled-chicken-and-wild-rice,Chicken And Wild Rice,"dinner,lunch",default main → lunch + dinner
corpus-titled-mexican-layered-dip,Mexican Layered Dip,"dinner,lunch",default main → lunch + dinner
corpus-titled-cherry-jello-salad,Cherry Jello Salad,"dinner,lunch",default main → lunch + dinner
corpus-titled-chinese-salad,Chinese Salad,"dinner,lunch",default main → lunch + dinner
corpus-titled-french-silk-chocolate-pie,French Silk Chocolate Pie,dessert,dessert
corpus-titled-onion-bread,Onion Bread,"dinner,lunch",default main → lunch + dinner
corpus-titled-coconut-pies,Coconut Pies,dessert,dessert
corpus-titled-cheesecake-cookies,Cheesecake Cookies,dessert,dessert
corpus-titled-fruited-chicken-salad,Fruited Chicken Salad,"dinner,lunch",default main → lunch + dinner
corpus-titled-strawberry-soup,Strawberry Soup,"dinner,lunch",default main → lunch + dinner
corpus-titled-chocolate-no-bake-cookies,Chocolate No-Bake Cookies,dessert,dessert
corpus-titled-fiesta-dip,Fiesta Dip,"dinner,lunch",default main → lunch + dinner
corpus-titled-lime-pie,Lime Pie,dessert,dessert
corpus-titled-roquefort-dressing,Roquefort Dressing,"dinner,lunch",default main → lunch + dinner
corpus-titled-relish,Relish,"dinner,lunch",default main → lunch + dinner
corpus-titled-roasted-garlic,Roasted Garlic,"dinner,lunch",default main → lunch + dinner
corpus-titled-cheesecake-pie,Cheesecake Pie,dessert,dessert
corpus-titled-breakfast-bake,Breakfast Bake,breakfast,breakfast
corpus-titled-jello-pie,Jello Pie,dessert,dessert
corpus-titled-unbaked-fruit-cake,Unbaked Fruit Cake,dessert,dessert
corpus-titled-cranberry-cake,Cranberry Cake,dessert,dessert
corpus-titled-whipped-cream-frosting,Whipped Cream Frosting,"dinner,lunch",default main → lunch + dinner
corpus-titled-chinese-almond-cookies,Chinese Almond Cookies,dessert,dessert
corpus-titled-zucchini-jam,Zucchini Jam,"dinner,lunch",default main → lunch + dinner
corpus-titled-potato-puffs,Potato Puffs,"dinner,lunch",default main → lunch + dinner
corpus-titled-oyster-casserole,Oyster Casserole,"dinner,lunch",default main → lunch + dinner
corpus-titled-apple-turnovers,Apple Turnovers,"dinner,lunch",default main → lunch + dinner
corpus-titled-make-ahead-mashed-potatoes,Make Ahead Mashed Potatoes,"dinner,lunch",default main → lunch + dinner
corpus-titled-mustard-pickles,Mustard Pickles,"dinner,lunch",default main → lunch + dinner
corpus-titled-calzone,Calzone,"dinner,lunch",default main → lunch + dinner
corpus-titled-cupcakes,Cupcakes,dessert,dessert
corpus-titled-mashed-sweet-potatoes,Mashed Sweet Potatoes,"dinner,lunch",default main → lunch + dinner
corpus-titled-chicken-burritos,Chicken Burritos,"dinner,lunch",default main → lunch + dinner
corpus-titled-banana-split-salad,Banana Split Salad,"dinner,lunch",default main → lunch + dinner
corpus-titled-mulled-wine,Mulled Wine,"dinner,lunch",default main → lunch + dinner
corpus-titled-creme-de-menthe-brownies,Creme De Menthe Brownies,dessert,dessert
corpus-titled-pecan-pies,Pecan Pies,dessert,dessert
corpus-titled-hardee-s-biscuits,Hardee'S Biscuits,"dinner,lunch",default main → lunch + dinner
corpus-titled-texas-potatoes,Texas Potatoes,"dinner,lunch",default main → lunch + dinner
corpus-titled-autumn-soup,Autumn Soup,"dinner,lunch",default main → lunch + dinner
corpus-titled-pear-cake,Pear Cake,dessert,dessert
corpus-titled-peppermint-patties,Peppermint Patties,"dinner,lunch",default main → lunch + dinner
corpus-titled-hopping-john,Hopping John,"dinner,lunch",default main → lunch + dinner
corpus-titled-chicken-and-rice-bake,Chicken And Rice Bake,"dinner,lunch",default main → lunch + dinner
corpus-titled-chocolate-peanut-butter-bars,Chocolate Peanut Butter Bars,"dinner,lunch",default main → lunch + dinner
corpus-titled-fudge-brownie-pie,Fudge Brownie Pie,dessert,dessert
corpus-titled-toasted-pecans,Toasted Pecans,"dinner,lunch",default main → lunch + dinner
corpus-titled-ham-and-cheese-quiche,Ham And Cheese Quiche,"dinner,lunch",default main → lunch + dinner
corpus-titled-lemon-jello-salad,Lemon Jello Salad,"dinner,lunch",default main → lunch + dinner
corpus-titled-fried-catfish,Fried Catfish,"dinner,lunch",default main → lunch + dinner
corpus-titled-pineapple-pudding,Pineapple Pudding,dessert,dessert
corpus-titled-mexican-layer-dip,Mexican Layer Dip,"dinner,lunch",default main → lunch + dinner
corpus-titled-yankee-pot-roast,Yankee Pot Roast,"dinner,lunch",default main → lunch + dinner
corpus-titled-pear-preserves,Pear Preserves,"dinner,lunch",default main → lunch + dinner
corpus-titled-creme-fraiche,Creme Fraiche,"dinner,lunch",default main → lunch + dinner
corpus-titled-baked-sweet-potatoes,Baked Sweet Potatoes,"dinner,lunch",default main → lunch + dinner
corpus-titled-hamburgers,Hamburgers,"dinner,lunch",default main → lunch + dinner
corpus-titled-orange-pound-cake,Orange Pound Cake,dessert,dessert
corpus-titled-candy-bar-pie,Candy Bar Pie,dessert,dessert
corpus-titled-sausage,Sausage,"dinner,lunch",default main → lunch + dinner
corpus-titled-spaghetti-with-meat-sauce,Spaghetti With Meat Sauce,"dinner,lunch",default main → lunch + dinner
corpus-titled-smoked-salmon-dip,Smoked Salmon Dip,"dinner,lunch",default main → lunch + dinner
corpus-titled-pumpkin-pecan-pie,Pumpkin Pecan Pie,dessert,dessert
corpus-titled-7-layer-dip,7 Layer Dip,"dinner,lunch",default main → lunch + dinner
corpus-titled-carrots,Carrots,"dinner,lunch",default main → lunch + dinner
corpus-titled-chicken-satay,Chicken Satay,"dinner,lunch",default main → lunch + dinner
corpus-titled-chocolate-mousse-cake,Chocolate Mousse Cake,dessert,dessert
corpus-titled-calzones,Calzones,"dinner,lunch",default main → lunch + dinner
corpus-titled-garlic-potatoes,Garlic Potatoes,"dinner,lunch",default main → lunch + dinner
corpus-titled-fish-cakes,Fish Cakes,dessert,dessert
corpus-titled-popcorn,Popcorn,snack,strict snack
corpus-titled-clams-casino,Clams Casino,"dinner,lunch",default main → lunch + dinner
corpus-titled-garlic-soup,Garlic Soup,"dinner,lunch",default main → lunch + dinner
corpus-titled-red-lentil-soup,Red Lentil Soup,"dinner,lunch",default main → lunch + dinner
corpus-titled-quinoa-salad,Quinoa Salad,"dinner,lunch",default main → lunch + dinner
corpus-titled-red-velvet-cupcakes,Red Velvet Cupcakes,dessert,dessert
corpus-titled-diabetic-cookies,Diabetic Cookies,dessert,dessert
corpus-titled-flaky-pie-crust,Flaky Pie Crust,dessert,dessert
corpus-titled-butterscotch-squares,Butterscotch Squares,"dinner,lunch",default main → lunch + dinner
corpus-titled-oreo-pie,Oreo Pie,dessert,dessert
corpus-titled-bread-stuffing,Bread Stuffing,"dinner,lunch",default main → lunch + dinner
corpus-titled-oatmeal-bars,Oatmeal Bars,breakfast,breakfast
corpus-titled-peanut-butter-temptations,Peanut Butter Temptations,"dinner,lunch",default main → lunch + dinner
corpus-titled-ugly-duckling-cake,Ugly Duckling Cake,dessert,dessert
corpus-titled-garlic-cheese-grits,Garlic Cheese Grits,"dinner,lunch",default main → lunch + dinner
corpus-titled-cheese-crisps,Cheese Crisps,"dinner,lunch",default main → lunch + dinner
corpus-titled-rolled-sugar-cookies,Rolled Sugar Cookies,dessert,dessert
corpus-titled-hot-beef-dip,Hot Beef Dip,"dinner,lunch",default main → lunch + dinner
corpus-titled-pizzelles,Pizzelles,"dinner,lunch",default main → lunch + dinner
corpus-titled-instant-hot-chocolate,Instant Hot Chocolate,snack,drink → snack
corpus-titled-lasagna-casserole,Lasagna Casserole,"dinner,lunch",default main → lunch + dinner
corpus-titled-date-nut-cake,Date Nut Cake,dessert,dessert
corpus-titled-hot-bean-dip,Hot Bean Dip,"dinner,lunch",default main → lunch + dinner
corpus-titled-chocolate-chip-brownies,Chocolate Chip Brownies,dessert,dessert
corpus-titled-sour-cream-muffins,Sour Cream Muffins,"dinner,lunch",default main → lunch + dinner
corpus-titled-pineapple-cheesecake,Pineapple Cheesecake,dessert,dessert
corpus-titled-steak-soup,Steak Soup,"dinner,lunch",default main → lunch + dinner
corpus-titled-hot-tamale-pie,Hot Tamale Pie,dessert,dessert
corpus-titled-brown-rice-casserole,Brown Rice Casserole,"dinner,lunch",default main → lunch + dinner
corpus-titled-cauliflower-au-gratin,Cauliflower Au Gratin,"dinner,lunch",default main → lunch + dinner
corpus-titled-golden-parmesan-potatoes,Golden Parmesan Potatoes,"dinner,lunch",default main → lunch + dinner
corpus-titled-condensed-milk,Condensed Milk,"dinner,lunch",default main → lunch + dinner
corpus-titled-vegetable-quiche,Vegetable Quiche,"dinner,lunch",default main → lunch + dinner
corpus-titled-beer-can-chicken,Beer Can Chicken,"dinner,lunch",default main → lunch + dinner
corpus-titled-belgian-waffles,Belgian Waffles,breakfast,breakfast
corpus-titled-spice-cookies,Spice Cookies,dessert,dessert
corpus-titled-hot-fudge-pudding,Hot Fudge Pudding,dessert,dessert
corpus-titled-old-fashioned-rice-pudding,Old Fashioned Rice Pudding,dessert,dessert
corpus-titled-whipped-cream,Whipped Cream,"dinner,lunch",default main → lunch + dinner
corpus-titled-potato-gnocchi,Potato Gnocchi,"dinner,lunch",default main → lunch + dinner
corpus-titled-fluffy-white-frosting,Fluffy White Frosting,"dinner,lunch",default main → lunch + dinner
corpus-titled-tunnel-of-fudge-cake,Tunnel Of Fudge Cake,dessert,dessert
corpus-titled-four-layer-delight,Four Layer Delight,"dinner,lunch",default main → lunch + dinner
corpus-titled-energy-bars,Energy Bars,"dinner,lunch",default main → lunch + dinner
corpus-titled-new-england-boiled-dinner,New England Boiled Dinner,"dinner,lunch",default main → lunch + dinner
corpus-titled-chiles-rellenos,Chiles Rellenos,"dinner,lunch",default main → lunch + dinner
corpus-titled-corned-beef,Corned Beef,"dinner,lunch",default main → lunch + dinner
corpus-titled-bbq-chicken,Bbq Chicken,"dinner,lunch",default main → lunch + dinner
corpus-titled-peanut-butter-cup-cookies,Peanut Butter Cup Cookies,dessert,dessert
corpus-titled-hobo-stew,Hobo Stew,"dinner,lunch",default main → lunch + dinner
corpus-titled-potluck-potatoes,Potluck Potatoes,"dinner,lunch",default main → lunch + dinner
corpus-titled-spaetzle,Spaetzle,"dinner,lunch",default main → lunch + dinner
corpus-titled-taco-salad-dip,Taco Salad Dip,"dinner,lunch",default main → lunch + dinner
corpus-titled-hot-taco-dip,Hot Taco Dip,"dinner,lunch",default main → lunch + dinner
corpus-titled-banana-pudding-cake,Banana Pudding Cake,dessert,dessert
corpus-titled-heavenly-hash-cake,Heavenly Hash Cake,dessert,dessert
corpus-titled-copper-penny-carrots,Copper Penny Carrots,"dinner,lunch",default main → lunch + dinner
corpus-titled-italian-cookies,Italian Cookies,dessert,dessert
corpus-titled-frozen-punch,Frozen Punch,"dinner,lunch",default main → lunch + dinner
corpus-titled-rhubarb-cobbler,Rhubarb Cobbler,dessert,dessert
corpus-titled-cracker-candy,Cracker Candy,dessert,dessert
corpus-titled-cheesy-garlic-bread,Cheesy Garlic Bread,"dinner,lunch",default main → lunch + dinner
corpus-titled-blueberry-jello-salad,Blueberry Jello Salad,"dinner,lunch",default main → lunch + dinner
corpus-titled-polish-mistakes,Polish Mistakes,"dinner,lunch",default main → lunch + dinner
corpus-titled-fried-ice-cream,Fried Ice Cream,dessert,dessert
corpus-titled-chocolate-sheath-cake,Chocolate Sheath Cake,dessert,dessert
corpus-titled-okra-gumbo,Okra Gumbo,"dinner,lunch",default main → lunch + dinner
corpus-titled-millionaires,Millionaires,"dinner,lunch",default main → lunch + dinner
corpus-titled-cream-cheese-cupcakes,Cream Cheese Cupcakes,dessert,dessert
corpus-titled-smoked-salmon-spread,Smoked Salmon Spread,"dinner,lunch",default main → lunch + dinner
corpus-titled-vegetable-chili,Vegetable Chili,"dinner,lunch",default main → lunch + dinner
corpus-titled-lasagna-roll-ups,Lasagna Roll-Ups,"dinner,lunch",default main → lunch + dinner
corpus-titled-barbecue-meat-loaf,Barbecue Meat Loaf,"dinner,lunch",default main → lunch + dinner
corpus-titled-cornbread-stuffing,Cornbread Stuffing,"dinner,lunch",default main → lunch + dinner
corpus-titled-irish-potato-casserole,Irish Potato Casserole,"dinner,lunch",default main → lunch + dinner
corpus-titled-pecan-cake,Pecan Cake,dessert,dessert
corpus-titled-bacon-wrapped-water-chestnuts,Bacon Wrapped Water Chestnuts,"dinner,lunch",default main → lunch + dinner
corpus-titled-chocolate-ganache,Chocolate Ganache,"dinner,lunch",default main → lunch + dinner
corpus-titled-frittata,Frittata,"breakfast,lunch",breakfast; also lunch
corpus-titled-smoothie,Smoothie,snack,drink → snack
corpus-titled-garam-masala,Garam Masala,"dinner,lunch",default main → lunch + dinner
corpus-titled-cocoa-brownies,Cocoa Brownies,dessert,dessert
corpus-titled-sausage-and-peppers,Sausage And Peppers,"dinner,lunch",default main → lunch + dinner
corpus-titled-cinnamon-ornaments,Cinnamon Ornaments,"dinner,lunch",default main → lunch + dinner
corpus-titled-crab-puffs,Crab Puffs,"dinner,lunch",default main → lunch + dinner
corpus-titled-chicken-broth,Chicken Broth,"dinner,lunch",default main → lunch + dinner
corpus-titled-grilled-vegetables,Grilled Vegetables,"dinner,lunch",default main → lunch + dinner
corpus-titled-ham-glaze,Ham Glaze,"dinner,lunch",default main → lunch + dinner
corpus-titled-sticky-toffee-pudding,Sticky Toffee Pudding,dessert,dessert
corpus-titled-eat-for-eight-bucks,Eat For Eight Bucks,"dinner,lunch",default main → lunch + dinner
corpus-titled-pecan-kisses,Pecan Kisses,"dinner,lunch",default main → lunch + dinner
corpus-titled-chicken-cheese-ball,Chicken Cheese Ball,"dinner,lunch",default main → lunch + dinner
corpus-titled-apricot-cake,Apricot Cake,dessert,dessert
corpus-titled-white-chocolate-cake,White Chocolate Cake,dessert,dessert
corpus-titled-french-dip-sandwiches,French Dip Sandwiches,"dinner,lunch",default main → lunch + dinner
corpus-titled-apricot-nut-bread,Apricot Nut Bread,"dinner,lunch",default main → lunch + dinner
corpus-titled-lazy-daisy-cake,Lazy Daisy Cake,dessert,dessert
corpus-titled-hearty-vegetable-soup,Hearty Vegetable Soup,"dinner,lunch",default main → lunch + dinner
corpus-titled-strawberry-slush,Strawberry Slush,"dinner,lunch",default main → lunch + dinner
corpus-titled-s-chocolate-cake,S Chocolate Cake,dessert,dessert
corpus-titled-raisin-oatmeal-cookies,Raisin Oatmeal Cookies,dessert,dessert
corpus-titled-pear-bread,Pear Bread,"dinner,lunch",default main → lunch + dinner
corpus-titled-skillet-dinner,Skillet Dinner,"dinner,lunch",default main → lunch + dinner
corpus-titled-green-pea-casserole,Green Pea Casserole,"dinner,lunch",default main → lunch + dinner
corpus-titled-russian-tea-mix,Russian Tea Mix,"dinner,lunch",default main → lunch + dinner
corpus-titled-buffalo-chip-cookies,Buffalo Chip Cookies,dessert,dessert
corpus-titled-reese-s-cups,Reese'S Cups,"dinner,lunch",default main → lunch + dinner
corpus-titled-lazy-lasagna,Lazy Lasagna,"dinner,lunch",default main → lunch + dinner
corpus-titled-flank-steak,Flank Steak,"dinner,lunch",default main → lunch + dinner
corpus-titled-cheesy-hash-browns,Cheesy Hash Browns,breakfast,breakfast
corpus-titled-polynesian-chicken,Polynesian Chicken,"dinner,lunch",default main → lunch + dinner
corpus-titled-fried-pies,Fried Pies,dessert,dessert
corpus-titled-filled-cookies,Filled Cookies,dessert,dessert
corpus-titled-cottage-cheese-pancakes,Cottage Cheese Pancakes,breakfast,breakfast
corpus-titled-salmon-stew,Salmon Stew,"dinner,lunch",default main → lunch + dinner
corpus-titled-stir-fry-chicken,Stir-Fry Chicken,"dinner,lunch",default main → lunch + dinner
corpus-titled-taffy-apple-dip,Taffy Apple Dip,"dinner,lunch",default main → lunch + dinner
corpus-titled-corn-soup,Corn Soup,"dinner,lunch",default main → lunch + dinner
corpus-titled-chile-verde,Chile Verde,"dinner,lunch",default main → lunch + dinner
corpus-titled-mushroom-chicken,Mushroom Chicken,"dinner,lunch",default main → lunch + dinner
corpus-titled-seven-layer-casserole,Seven Layer Casserole,"dinner,lunch",default main → lunch + dinner
corpus-titled-chicken-and-rice-soup,Chicken And Rice Soup,"dinner,lunch",default main → lunch + dinner
corpus-titled-chile-relleno-casserole,Chile Relleno Casserole,"dinner,lunch",default main → lunch + dinner
corpus-titled-tapenade,Tapenade,"dinner,lunch",default main → lunch + dinner
corpus-titled-cherries-jubilee,Cherries Jubilee,"dinner,lunch",default main → lunch + dinner
corpus-titled-pina-colada,Pina Colada,"dinner,lunch",default main → lunch + dinner
corpus-titled-cheesy-chicken-enchiladas,Cheesy Chicken Enchiladas,"dinner,lunch",default main → lunch + dinner
corpus-titled-strawberry-banana-smoothie,Strawberry Banana Smoothie,snack,drink → snack
corpus-titled-gluten-free-tuesday,Gluten-Free Tuesday,"dinner,lunch",default main → lunch + dinner
corpus-titled-grilling,Grilling,"dinner,lunch",default main → lunch + dinner
corpus-titled-heavenly-pie,Heavenly Pie,dessert,dessert
corpus-titled-baked-chicken-reuben,Baked Chicken Reuben,"dinner,lunch",default main → lunch + dinner
corpus-titled-teriyaki-chicken-wings,Teriyaki Chicken Wings,"dinner,lunch",default main → lunch + dinner
corpus-titled-glazed-sweet-potatoes,Glazed Sweet Potatoes,"dinner,lunch",default main → lunch + dinner
corpus-titled-pork-chops-supreme,Pork Chops Supreme,"dinner,lunch",default main → lunch + dinner
corpus-titled-barbecue-baked-beans,Barbecue Baked Beans,"dinner,lunch",default main → lunch + dinner
corpus-titled-cracker-salad,Cracker Salad,"dinner,lunch",default main → lunch + dinner
corpus-titled-layered-nacho-dip,Layered Nacho Dip,"dinner,lunch",default main → lunch + dinner
corpus-titled-chicken-dish,Chicken Dish,"dinner,lunch",default main → lunch + dinner
corpus-titled-spinach-soup,Spinach Soup,"dinner,lunch",default main → lunch + dinner
corpus-titled-trash,Trash,"dinner,lunch",default main → lunch + dinner
corpus-titled-chili-pie,Chili Pie,dessert,dessert
corpus-titled-icebox-pickles,Icebox Pickles,"dinner,lunch",default main → lunch + dinner
corpus-titled-pepperoni-pizza-dip,Pepperoni Pizza Dip,"dinner,lunch",default main → lunch + dinner
corpus-titled-tiger-butter,Tiger Butter,"dinner,lunch",default main → lunch + dinner
corpus-titled-pancake-syrup,Pancake Syrup,breakfast,breakfast
corpus-titled-date-nut-roll,Date Nut Roll,"dinner,lunch",default main → lunch + dinner
corpus-titled-pumpkin-spice-cake,Pumpkin Spice Cake,dessert,dessert
corpus-titled-s-cookies,S Cookies,dessert,dessert
corpus-titled-herb-bread,Herb Bread,"dinner,lunch",default main → lunch + dinner
corpus-titled-ham-and-noodle-casserole,Ham And Noodle Casserole,"dinner,lunch",default main → lunch + dinner
corpus-titled-frogmore-stew,Frogmore Stew,"dinner,lunch",default main → lunch + dinner
corpus-titled-chicken-and-sausage-jambalaya,Chicken And Sausage Jambalaya,"dinner,lunch",default main → lunch + dinner
corpus-titled-ants-on-a-log,Ants On A Log,"dinner,lunch",default main → lunch + dinner
corpus-titled-pimiento-cheese,Pimiento Cheese,"dinner,lunch",default main → lunch + dinner
corpus-titled-cream-of-crab-soup,Cream Of Crab Soup,"dinner,lunch",default main → lunch + dinner
corpus-titled-oyster-cracker-snacks,Oyster Cracker Snacks,snack,strict snack
corpus-titled-party-dip,Party Dip,"dinner,lunch",default main → lunch + dinner
corpus-titled-mystery-pie,Mystery Pie,dessert,dessert
corpus-titled-steak,Steak,"dinner,lunch",default main → lunch + dinner
corpus-titled-baked-onions,Baked Onions,"dinner,lunch",default main → lunch + dinner
corpus-titled-steak-and-gravy,Steak And Gravy,"dinner,lunch",default main → lunch + dinner
corpus-titled-lemon-cream-pie,Lemon Cream Pie,dessert,dessert
corpus-titled-spanish-chicken,Spanish Chicken,"dinner,lunch",default main → lunch + dinner
corpus-titled-lemon-cheese-bars,Lemon Cheese Bars,"dinner,lunch",default main → lunch + dinner
corpus-titled-people-puppy-chow,People Puppy Chow,"dinner,lunch",default main → lunch + dinner
corpus-titled-marinated-olives,Marinated Olives,"dinner,lunch",default main → lunch + dinner
corpus-titled-coleslaw-dressing,Coleslaw Dressing,"dinner,lunch",default main → lunch + dinner
corpus-titled-russian-chicken,Russian Chicken,"dinner,lunch",default main → lunch + dinner
corpus-titled-gingerbread-pancakes,Gingerbread Pancakes,breakfast,breakfast
corpus-titled-banana-cookies,Banana Cookies,dessert,dessert
corpus-titled-summer-pasta-salad,Summer Pasta Salad,"dinner,lunch",default main → lunch + dinner
corpus-titled-roasted-cauliflower,Roasted Cauliflower,"dinner,lunch",default main → lunch + dinner
corpus-titled-breakfast-burrito,Breakfast Burrito,"breakfast,lunch",breakfast; also lunch
corpus-titled-blt-salad,Blt Salad,"dinner,lunch",default main → lunch + dinner
corpus-titled-cherry-torte,Cherry Torte,"dinner,lunch",default main → lunch + dinner
corpus-titled-buns,Buns,"dinner,lunch",default main → lunch + dinner
corpus-titled-mini-cheese-cakes,Mini Cheese Cakes,dessert,dessert
corpus-titled-blond-brownies,Blond Brownies,dessert,dessert
corpus-titled-chocolate-cherry-bars,Chocolate Cherry Bars,"dinner,lunch",default main → lunch + dinner
corpus-titled-buttermilk-brownies,Buttermilk Brownies,dessert,dessert
corpus-titled-hanky-panky,Hanky Panky,"dinner,lunch",default main → lunch + dinner
corpus-titled-anadama-bread,Anadama Bread,"dinner,lunch",default main → lunch + dinner
corpus-titled-corn,Corn,"dinner,lunch",default main → lunch + dinner
corpus-titled-lime-congealed-salad,Lime Congealed Salad,"dinner,lunch",default main → lunch + dinner
corpus-titled-macaroni,Macaroni,"dinner,lunch",default main → lunch + dinner
corpus-titled-italian-potato-salad,Italian Potato Salad,"dinner,lunch",default main → lunch + dinner
corpus-titled-coke-cake,Coke Cake,dessert,dessert
corpus-titled-zucchini,Zucchini,"dinner,lunch",default main → lunch + dinner
corpus-titled-pickled-mushrooms,Pickled Mushrooms,"dinner,lunch",default main → lunch + dinner
corpus-titled-old-fashion-tea-cakes,Old Fashion Tea Cakes,dessert,dessert
corpus-titled-marble-cake,Marble Cake,dessert,dessert
corpus-titled-paprika-chicken,Paprika Chicken,"dinner,lunch",default main → lunch + dinner
corpus-titled-truffles,Truffles,dessert,dessert
corpus-titled-marinated-chicken-breasts,Marinated Chicken Breasts,"dinner,lunch",default main → lunch + dinner
corpus-titled-walnut-pie,Walnut Pie,dessert,dessert
corpus-titled-chicken-broccoli,Chicken Broccoli,"dinner,lunch",default main → lunch + dinner
corpus-titled-pecan-crispies,Pecan Crispies,"dinner,lunch",default main → lunch + dinner
corpus-titled-pineapple-stuffing,Pineapple Stuffing,"dinner,lunch",default main → lunch + dinner
corpus-titled-almond-crescents,Almond Crescents,"dinner,lunch",default main → lunch + dinner
corpus-titled-strawberry-jello-cake,Strawberry Jello Cake,dessert,dessert
corpus-titled-almond-cake,Almond Cake,dessert,dessert
corpus-titled-margaritas,Margaritas,"dinner,lunch",default main → lunch + dinner
corpus-titled-mexican-pinwheels,Mexican Pinwheels,"dinner,lunch",default main → lunch + dinner
corpus-titled-seven-up-salad,Seven-Up Salad,"dinner,lunch",default main → lunch + dinner
corpus-titled-hot-milk-sponge-cake,Hot Milk Sponge Cake,dessert,dessert
corpus-titled-beef-pot-roast,Beef Pot Roast,"dinner,lunch",default main → lunch + dinner
corpus-titled-cheese-potato-casserole,Cheese Potato Casserole,"dinner,lunch",default main → lunch + dinner
corpus-titled-dilly-casserole-bread,Dilly Casserole Bread,"dinner,lunch",default main → lunch + dinner
corpus-titled-peanut-butter-roll,Peanut Butter Roll,"dinner,lunch",default main → lunch + dinner
corpus-titled-churros,Churros,dessert,dessert
corpus-titled-vegetable-pie,Vegetable Pie,dessert,dessert
corpus-titled-dream-cake,Dream Cake,dessert,dessert
corpus-titled-veggie-casserole,Veggie Casserole,"dinner,lunch",default main → lunch + dinner
corpus-titled-bourbon-slush,Bourbon Slush,"dinner,lunch",default main → lunch + dinner
corpus-titled-butter-pecan-cake,Butter Pecan Cake,dessert,dessert
corpus-titled-pistachio-pudding,Pistachio Pudding,dessert,dessert
corpus-titled-canadian-cheese-soup,Canadian Cheese Soup,"dinner,lunch",default main → lunch + dinner
corpus-titled-raisin-bars,Raisin Bars,"dinner,lunch",default main → lunch + dinner
corpus-titled-watermelon-salad,Watermelon Salad,"dinner,lunch",default main → lunch + dinner
corpus-titled-bulgogi,Bulgogi,"dinner,lunch",default main → lunch + dinner
corpus-titled-potato-chowder,Potato Chowder,"dinner,lunch",default main → lunch + dinner
corpus-titled-chicken-nachos,Chicken Nachos,"dinner,lunch",default main → lunch + dinner
corpus-titled-mexican-pie,Mexican Pie,dessert,dessert
corpus-titled-chunky-guacamole,Chunky Guacamole,"dinner,lunch",default main → lunch + dinner
corpus-titled-sweet-potato-soup,Sweet Potato Soup,"dinner,lunch",default main → lunch + dinner
corpus-titled-grilled-shrimp,Grilled Shrimp,"dinner,lunch",default main → lunch + dinner
corpus-titled-vermicelli-salad,Vermicelli Salad,"dinner,lunch",default main → lunch + dinner
corpus-titled-coconut-pecan-frosting,Coconut Pecan Frosting,"dinner,lunch",default main → lunch + dinner
corpus-titled-texas-trash,Texas Trash,"dinner,lunch",default main → lunch + dinner
corpus-titled-peanut-blossom-cookies,Peanut Blossom Cookies,dessert,dessert
corpus-titled-taco-sauce,Taco Sauce,"dinner,lunch",default main → lunch + dinner
corpus-titled-potato-cake,Potato Cake,dessert,dessert
corpus-titled-cherry-fluff,Cherry Fluff,"dinner,lunch",default main → lunch + dinner
corpus-titled-marshmallow-treats,Marshmallow Treats,"dinner,lunch",default main → lunch + dinner
corpus-titled-pineapple-cheese-casserole,Pineapple Cheese Casserole,"dinner,lunch",default main → lunch + dinner
corpus-titled-drop-cookies,Drop Cookies,dessert,dessert
corpus-titled-seafood-pasta,Seafood Pasta,"dinner,lunch",default main → lunch + dinner
corpus-titled-apple-pie-cake,Apple Pie Cake,dessert,dessert
corpus-titled-marzetti,Marzetti,"dinner,lunch",default main → lunch + dinner
corpus-titled-baked-chicken-parmesan,Baked Chicken Parmesan,"dinner,lunch",default main → lunch + dinner
corpus-titled-white-icing,White Icing,"dinner,lunch",default main → lunch + dinner
corpus-titled-dessert-pizza,Dessert Pizza,dessert,dessert
corpus-titled-piccalilli,Piccalilli,"dinner,lunch",default main → lunch + dinner
corpus-titled-cheese-rolls,Cheese Rolls,"dinner,lunch",default main → lunch + dinner
corpus-titled-hearty-potato-soup,Hearty Potato Soup,"dinner,lunch",default main → lunch + dinner
corpus-titled-cherry-cream-pie,Cherry Cream Pie,dessert,dessert
corpus-titled-corn-pie,Corn Pie,dessert,dessert
corpus-titled-butterscotch-cake,Butterscotch Cake,dessert,dessert
corpus-titled-gingersnap-cookies,Gingersnap Cookies,dessert,dessert
corpus-titled-venison-stroganoff,Venison Stroganoff,"dinner,lunch",default main → lunch + dinner
corpus-titled-party-salad,Party Salad,"dinner,lunch",default main → lunch + dinner
corpus-titled-strawberry-surprise,Strawberry Surprise,"dinner,lunch",default main → lunch + dinner
corpus-titled-orange-muffins,Orange Muffins,"dinner,lunch",default main → lunch + dinner
corpus-titled-cherry-coffee-cake,Cherry Coffee Cake,dessert,dessert
corpus-titled-crazy-chocolate-cake,Crazy Chocolate Cake,dessert,dessert
corpus-titled-buttermilk-fudge,Buttermilk Fudge,dessert,dessert
corpus-titled-mounds-cake,Mounds Cake,dessert,dessert
corpus-titled-caramel-pecan-pie,Caramel Pecan Pie,dessert,dessert
corpus-titled-braised-short-ribs,Braised Short Ribs,"dinner,lunch",default main → lunch + dinner
corpus-titled-pumpkin-torte,Pumpkin Torte,"dinner,lunch",default main → lunch + dinner
corpus-titled-jalapeno-jelly,Jalapeno Jelly,"dinner,lunch",default main → lunch + dinner
corpus-titled-hot-punch,Hot Punch,"dinner,lunch",default main → lunch + dinner
corpus-titled-pineapple-bake,Pineapple Bake,"dinner,lunch",default main → lunch + dinner
corpus-titled-squash-puppies,Squash Puppies,"dinner,lunch",default main → lunch + dinner
corpus-titled-mexican-fudge,Mexican Fudge,dessert,dessert
corpus-titled-fluffy-pancakes,Fluffy Pancakes,breakfast,breakfast
corpus-titled-grilled-salmon,Grilled Salmon,"dinner,lunch",default main → lunch + dinner
corpus-titled-frozen-fruit-cups,Frozen Fruit Cups,snack,strict snack
corpus-titled-southern-biscuits,Southern Biscuits,"dinner,lunch",default main → lunch + dinner
corpus-titled-chinese-cabbage-salad,Chinese Cabbage Salad,"dinner,lunch",default main → lunch + dinner
corpus-titled-butter-pecan-cookies,Butter Pecan Cookies,dessert,dessert
corpus-titled-chocolate-eclairs,Chocolate Eclairs,dessert,dessert
corpus-titled-hawaiian-meatballs,Hawaiian Meatballs,"dinner,lunch",default main → lunch + dinner
corpus-titled-spring-rolls,Spring Rolls,"dinner,lunch",default main → lunch + dinner
corpus-titled-rosemary-chicken,Rosemary Chicken,"dinner,lunch",default main → lunch + dinner
corpus-titled-rhubarb-muffins,Rhubarb Muffins,"dinner,lunch",default main → lunch + dinner
corpus-titled-brown-sugar-brownies,Brown Sugar Brownies,dessert,dessert
corpus-titled-fresh-tomato-sauce,Fresh Tomato Sauce,"dinner,lunch",default main → lunch + dinner
corpus-titled-fish-batter,Fish Batter,"dinner,lunch",default main → lunch + dinner
corpus-titled-skillet-cornbread,Skillet Cornbread,"dinner,lunch",default main → lunch + dinner
corpus-titled-mock-pecan-pie,Mock Pecan Pie,dessert,dessert
corpus-titled-hash-browns-casserole,Hash Browns Casserole,breakfast,breakfast
corpus-titled-peppermint-bark,Peppermint Bark,"dinner,lunch",default main → lunch + dinner
corpus-titled-prime-rib,Prime Rib,"dinner,lunch",default main → lunch + dinner
corpus-titled-naan,Naan,"dinner,lunch",default main → lunch + dinner
corpus-titled-harissa,Harissa,"dinner,lunch",default main → lunch + dinner
corpus-titled-fried-onion-rings,Fried Onion Rings,"dinner,lunch",default main → lunch + dinner
corpus-titled-stuffed-chicken-breast,Stuffed Chicken Breast,"dinner,lunch",default main → lunch + dinner
corpus-titled-hot-dish,Hot Dish,"dinner,lunch",default main → lunch + dinner
corpus-titled-copper-penny-salad,Copper Penny Salad,"dinner,lunch",default main → lunch + dinner
corpus-titled-tuna-spread,Tuna Spread,"dinner,lunch",default main → lunch + dinner
corpus-titled-walnut-cake,Walnut Cake,dessert,dessert
corpus-titled-fruit-soup,Fruit Soup,"dinner,lunch",default main → lunch + dinner
corpus-titled-lefse,Lefse,"dinner,lunch",default main → lunch + dinner
corpus-titled-old-fashioned-pound-cake,Old Fashioned Pound Cake,dessert,dessert
corpus-titled-honey-wheat-bread,Honey Wheat Bread,"dinner,lunch",default main → lunch + dinner
corpus-titled-sausage-roll,Sausage Roll,"dinner,lunch",default main → lunch + dinner
corpus-titled-sausage-pie,Sausage Pie,dessert,dessert
corpus-titled-ham-and-bean-soup,Ham And Bean Soup,"dinner,lunch",default main → lunch + dinner
corpus-titled-tortilla-rolls,Tortilla Rolls,"dinner,lunch",default main → lunch + dinner
corpus-titled-marinated-broccoli,Marinated Broccoli,"dinner,lunch",default main → lunch + dinner
corpus-titled-banana-loaf,Banana Loaf,"dinner,lunch",default main → lunch + dinner
corpus-titled-pea-casserole,Pea Casserole,"dinner,lunch",default main → lunch + dinner
corpus-titled-nut-roll,Nut Roll,"dinner,lunch",default main → lunch + dinner
corpus-titled-sunday-chicken,Sunday Chicken,"dinner,lunch",default main → lunch + dinner
corpus-titled-saucy-pork-chops,Saucy Pork Chops,"dinner,lunch",default main → lunch + dinner
corpus-titled-chicken-broccoli-bake,Chicken Broccoli Bake,"dinner,lunch",default main → lunch + dinner
corpus-titled-fresh-spinach-salad,Fresh Spinach Salad,"dinner,lunch",default main → lunch + dinner
corpus-titled-tuna-cakes,Tuna Cakes,dessert,dessert
corpus-titled-self-filled-cupcakes,Self-Filled Cupcakes,dessert,dessert
corpus-titled-tang-pie,Tang Pie,dessert,dessert
corpus-titled-six-week-muffins,Six Week Muffins,"dinner,lunch",default main → lunch + dinner
corpus-titled-jumbo-raisin-cookies,Jumbo Raisin Cookies,dessert,dessert
corpus-titled-corn-bake,Corn Bake,"dinner,lunch",default main → lunch + dinner
corpus-titled-beef-nacho-casserole,Beef Nacho Casserole,"dinner,lunch",default main → lunch + dinner
corpus-titled-turkey-lasagna,Turkey Lasagna,"dinner,lunch",default main → lunch + dinner
corpus-titled-almond-chicken,Almond Chicken,"dinner,lunch",default main → lunch + dinner
corpus-titled-butter-pound-cake,Butter Pound Cake,dessert,dessert
corpus-titled-pecan-fingers,Pecan Fingers,"dinner,lunch",default main → lunch + dinner
corpus-titled-german-sweet-chocolate-cake,German Sweet Chocolate Cake,dessert,dessert
corpus-titled-gumdrop-cake,Gumdrop Cake,dessert,dessert
corpus-titled-bread-and-butter-pudding,Bread And Butter Pudding,dessert,dessert
corpus-titled-dill-bread,Dill Bread,"dinner,lunch",default main → lunch + dinner
corpus-titled-braised-red-cabbage,Braised Red Cabbage,"dinner,lunch",default main → lunch + dinner
corpus-titled-taco-seasoning-mix,Taco Seasoning Mix,"dinner,lunch",default main → lunch + dinner
corpus-titled-creole-sauce,Creole Sauce,"dinner,lunch",default main → lunch + dinner
corpus-titled-strawberry-sorbet,Strawberry Sorbet,dessert,dessert
corpus-titled-creamy-chicken-casserole,Creamy Chicken Casserole,"dinner,lunch",default main → lunch + dinner
corpus-titled-cinnamon-cookies,Cinnamon Cookies,dessert,dessert
corpus-titled-roast-leg-of-lamb,Roast Leg Of Lamb,"dinner,lunch",default main → lunch + dinner
corpus-titled-orange-fluff,Orange Fluff,"dinner,lunch",default main → lunch + dinner
corpus-titled-pickle-relish,Pickle Relish,"dinner,lunch",default main → lunch + dinner
corpus-titled-heavenly-salad,Heavenly Salad,"dinner,lunch",default main → lunch + dinner
corpus-titled-cranberry-coffee-cake,Cranberry Coffee Cake,dessert,dessert
corpus-titled-burgers,Burgers,"dinner,lunch",default main → lunch + dinner
corpus-titled-fried-pie-crust,Fried Pie Crust,dessert,dessert
corpus-titled-glazed-fruit-salad,Glazed Fruit Salad,"dinner,lunch",default main → lunch + dinner
corpus-titled-coconut-shrimp,Coconut Shrimp,"dinner,lunch",default main → lunch + dinner
corpus-titled-date-squares,Date Squares,"dinner,lunch",default main → lunch + dinner
corpus-titled-white-bean-chicken-chili,White Bean Chicken Chili,"dinner,lunch",default main → lunch + dinner
corpus-titled-basic-pizza-dough,Basic Pizza Dough,"dinner,lunch",default main → lunch + dinner
corpus-titled-tuna-melt,Tuna Melt,"dinner,lunch",default main → lunch + dinner
corpus-titled-pickled-red-onions,Pickled Red Onions,"dinner,lunch",default main → lunch + dinner
corpus-titled-dulce-de-leche,Dulce De Leche,"dinner,lunch",default main → lunch + dinner
corpus-titled-pasta-puttanesca,Pasta Puttanesca,"dinner,lunch",default main → lunch + dinner
corpus-titled-round-2-recipe,Round 2 Recipe,"dinner,lunch",default main → lunch + dinner
